delta_T,Mat1,L1,k1,Mat2,L2,k2,Mat3,L3,k3,Mat4,L4,k4,Mat5,L5,k5,Q
207.56314391783386,Glass,0.026,0.8,,,,,,,,,,,,,6386.56
195.3512969890438,Mineral Wool,0.059,0.045,,,,,,,,,,,,,149.0
226.06018341935572,Glass,0.063,0.8,,,,,,,,,,,,,2870.61
265.6712136019198,Glass,0.083,0.8,Mineral Wool,0.024,0.045,,,,,,,,,,417.01
167.97370138318774,Mineral Wool,0.086,0.045,,,,,,,,,,,,,87.89
269.623775572688,Polyurethane Foam,0.055,0.03,,,,,,,,,,,,,147.07
169.6985199007406,Ceramic Fiber,0.034,0.06,Concrete,0.077,1.4,,,,,,,,,,272.97
134.33638833789638,Wood,0.074,0.12,Concrete,0.027,1.4,,,,,,,,,,211.24
180.7960652634472,Air,0.07,0.025,Fiberglass,0.044,0.04,Air,0.05,0.025,,,,,,,30.64
231.3233852634817,Ceramic Fiber,0.031,0.06,Concrete,0.085,1.4,,,,,,,,,,400.64
99.2425785560886,Glass,0.018,0.8,Air,0.029,0.025,Fiberglass,0.064,0.04,,,,,,,35.67
177.93469733890993,Wood,0.03,0.12,Polyurethane Foam,0.077,0.03,Air,0.092,0.025,,,,,,,27.39
175.28754093088986,Fiberglass,0.018,0.04,,,,,,,,,,,,,389.53
110.97955390032558,Fiberglass,0.028,0.04,Concrete,0.079,1.4,,,,,,,,,,146.72
195.46586086710838,Concrete,0.059,1.4,Polyurethane Foam,0.026,0.03,Ceramic Fiber,0.034,0.06,Glass,0.052,0.8,,,,126.89
136.42714180730837,Mineral Wool,0.04,0.045,Fiberglass,0.09,0.04,Polyurethane Foam,0.092,0.03,,,,,,,21.98
248.06419213475857,Concrete,0.023,1.4,Concrete,0.086,1.4,Mineral Wool,0.076,0.045,Fiberglass,0.095,0.04,,,,59.89
241.51966224650639,Wood,0.048,0.12,Fiberglass,0.039,0.04,Mineral Wool,0.097,0.045,Ceramic Fiber,0.011,0.06,Wood,0.018,0.12,62.51
143.83672055569423,Glass,0.044,0.8,Mineral Wool,0.1,0.045,Ceramic Fiber,0.028,0.06,Wood,0.06,0.12,,,,44.34
147.54248719981726,Air,0.094,0.025,Ceramic Fiber,0.043,0.06,,,,,,,,,,32.96
204.0901038795603,Polyurethane Foam,0.063,0.03,,,,,,,,,,,,,97.19
62.09381213638877,Concrete,0.094,1.4,Ceramic Fiber,0.053,0.06,,,,,,,,,,65.33
143.19273012681387,Fiberglass,0.039,0.04,Concrete,0.04,1.4,Concrete,0.021,1.4,,,,,,,140.58
158.94453498653752,Mineral Wool,0.076,0.045,Wood,0.056,0.12,Mineral Wool,0.08,0.045,,,,,,,40.41
96.79714630789448,Wood,0.018,0.12,,,,,,,,,,,,,645.31
171.9205854956137,Wood,0.081,0.12,Ceramic Fiber,0.065,0.06,Air,0.019,0.025,Wood,0.087,0.12,Ceramic Fiber,0.051,0.06,42.0
139.4406875117225,Mineral Wool,0.082,0.045,,,,,,,,,,,,,76.52
115.9444331554972,Mineral Wool,0.042,0.045,Air,0.029,0.025,,,,,,,,,,55.39
111.92123680402878,Polyurethane Foam,0.024,0.03,Polyurethane Foam,0.092,0.03,Wood,0.049,0.12,,,,,,,26.18
82.01718686875476,Polyurethane Foam,0.068,0.03,Concrete,0.088,1.4,,,,,,,,,,35.21
161.1856870504252,Fiberglass,0.073,0.04,Fiberglass,0.071,0.04,Mineral Wool,0.021,0.045,Polyurethane Foam,0.014,0.03,,,,35.56
108.81588664327498,Fiberglass,0.01,0.04,Glass,0.021,0.8,Fiberglass,0.039,0.04,,,,,,,86.97
141.19458879582209,Air,0.011,0.025,Glass,0.083,0.8,Wood,0.049,0.12,Fiberglass,0.069,0.04,Mineral Wool,0.027,0.045,43.09
188.51334685961234,Ceramic Fiber,0.074,0.06,Ceramic Fiber,0.094,0.06,,,,,,,,,,67.33
231.64967070705177,Wood,0.087,0.12,,,,,,,,,,,,,319.52
290.3548180406852,Ceramic Fiber,0.084,0.06,,,,,,,,,,,,,207.4
133.2943684241024,Polyurethane Foam,0.082,0.03,Concrete,0.034,1.4,,,,,,,,,,48.34
289.152913937522,Mineral Wool,0.081,0.045,Concrete,0.054,1.4,Air,0.016,0.025,,,,,,,116.66
62.33092198486413,Polyurethane Foam,0.015,0.03,Wood,0.098,0.12,Ceramic Fiber,0.08,0.06,Glass,0.06,0.8,,,,22.87
202.3974645090854,Air,0.012,0.025,Air,0.031,0.025,Ceramic Fiber,0.099,0.06,Glass,0.026,0.8,,,,59.48
162.76522319631772,Polyurethane Foam,0.018,0.03,,,,,,,,,,,,,271.28
261.08882043477877,Wood,0.018,0.12,Mineral Wool,0.061,0.045,Air,0.041,0.025,,,,,,,83.0
291.83730178974076,Air,0.09,0.025,Wood,0.093,0.12,Polyurethane Foam,0.042,0.03,Fiberglass,0.017,0.04,,,,47.07
173.53773778968798,Wood,0.077,0.12,Concrete,0.048,1.4,Mineral Wool,0.061,0.045,Wood,0.047,0.12,Polyurethane Foam,0.024,0.03,53.84
134.5362744699864,Fiberglass,0.06,0.04,Mineral Wool,0.055,0.045,,,,,,,,,,49.42
170.92412707356723,Wood,0.06,0.12,Wood,0.022,0.12,Ceramic Fiber,0.016,0.06,,,,,,,179.92
201.59062019175443,Ceramic Fiber,0.018,0.06,Glass,0.067,0.8,Mineral Wool,0.079,0.045,,,,,,,94.23
193.38703595108433,Fiberglass,0.028,0.04,Polyurethane Foam,0.092,0.03,Mineral Wool,0.039,0.045,Polyurethane Foam,0.037,0.03,Polyurethane Foam,0.065,0.03,24.07
188.61900562352474,Fiberglass,0.087,0.04,Concrete,0.052,1.4,Fiberglass,0.052,0.04,Mineral Wool,0.06,0.045,Wood,0.059,0.12,35.34
250.05485869928256,Concrete,0.032,1.4,,,,,,,,,,,,,10939.9
275.980602278662,Glass,0.062,0.8,Glass,0.055,0.8,,,,,,,,,,1887.05
202.91683566343343,Fiberglass,0.022,0.04,Concrete,0.055,1.4,Wood,0.026,0.12,Mineral Wool,0.033,0.045,Polyurethane Foam,0.085,0.03,46.41
287.0722061933068,Mineral Wool,0.02,0.045,Mineral Wool,0.047,0.045,Fiberglass,0.074,0.04,Glass,0.097,0.8,Mineral Wool,0.046,0.045,64.04
196.45720734371247,Air,0.014,0.025,Concrete,0.048,1.4,Concrete,0.032,1.4,Ceramic Fiber,0.086,0.06,,,,95.81
288.06313145952834,Ceramic Fiber,0.072,0.06,Wood,0.075,0.12,Glass,0.091,0.8,,,,,,,148.58
160.50617275835813,Glass,0.017,0.8,Mineral Wool,0.011,0.045,,,,,,,,,,604.1
130.8051027189495,Fiberglass,0.021,0.04,Polyurethane Foam,0.043,0.03,Mineral Wool,0.022,0.045,Glass,0.054,0.8,Concrete,0.072,1.4,50.97
106.10264691465471,Glass,0.038,0.8,,,,,,,,,,,,,2233.74
119.10662680045156,Air,0.03,0.025,,,,,,,,,,,,,99.26
222.11850397236887,Wood,0.031,0.12,,,,,,,,,,,,,859.81
104.34853338165874,Ceramic Fiber,0.025,0.06,Concrete,0.082,1.4,Polyurethane Foam,0.083,0.03,,,,,,,32.19
244.26695288910628,Mineral Wool,0.071,0.045,Concrete,0.091,1.4,Ceramic Fiber,0.097,0.06,,,,,,,74.94
84.1994357892385,Mineral Wool,0.08,0.045,,,,,,,,,,,,,47.36
264.61692704228915,Air,0.066,0.025,,,,,,,,,,,,,100.23
182.19268243138487,Mineral Wool,0.084,0.045,,,,,,,,,,,,,97.6
52.36009835939213,Air,0.056,0.025,,,,,,,,,,,,,23.38
142.12113312663473,Air,0.08,0.025,Mineral Wool,0.021,0.045,Concrete,0.042,1.4,,,,,,,38.45
284.3302610086494,Air,0.097,0.025,Ceramic Fiber,0.043,0.06,Ceramic Fiber,0.065,0.06,,,,,,,50.06
96.95643704640598,Air,0.024,0.025,Wood,0.037,0.12,Mineral Wool,0.058,0.045,Air,0.053,0.025,,,,20.73
107.33501279714667,Mineral Wool,0.088,0.045,Mineral Wool,0.073,0.045,Wood,0.016,0.12,Concrete,0.082,1.4,,,,28.47
181.10331213677063,Wood,0.011,0.12,Fiberglass,0.036,0.04,Ceramic Fiber,0.027,0.06,Concrete,0.094,1.4,,,,120.03
253.57440778443262,Glass,0.061,0.8,Concrete,0.044,1.4,Fiberglass,0.092,0.04,,,,,,,105.32
80.6872380032278,Air,0.067,0.025,Ceramic Fiber,0.046,0.06,,,,,,,,,,23.41
201.8343211451531,Polyurethane Foam,0.037,0.03,Fiberglass,0.087,0.04,Fiberglass,0.01,0.04,Mineral Wool,0.074,0.045,,,,38.06
178.83436893060048,Ceramic Fiber,0.073,0.06,Air,0.061,0.025,,,,,,,,,,48.91
171.9474348911836,Ceramic Fiber,0.092,0.06,,,,,,,,,,,,,112.14
56.687890509393945,Air,0.037,0.025,Concrete,0.064,1.4,Polyurethane Foam,0.093,0.03,Glass,0.021,0.8,,,,12.19
167.35119965819183,Ceramic Fiber,0.089,0.06,Polyurethane Foam,0.085,0.03,Wood,0.069,0.12,,,,,,,34.21
213.59135159509685,Concrete,0.093,1.4,,,,,,,,,,,,,3215.35
214.66253277232744,Ceramic Fiber,0.059,0.06,Wood,0.058,0.12,Ceramic Fiber,0.097,0.06,,,,,,,69.62
131.06698870868573,Ceramic Fiber,0.036,0.06,,,,,,,,,,,,,218.44
115.83256228415638,Glass,0.095,0.8,Air,0.047,0.025,,,,,,,,,,57.95
215.75627332696575,Wood,0.046,0.12,Mineral Wool,0.095,0.045,Mineral Wool,0.022,0.045,Air,0.044,0.025,Ceramic Fiber,0.098,0.06,33.84
233.6564261082717,Air,0.019,0.025,Glass,0.044,0.8,Wood,0.063,0.12,Glass,0.094,0.8,,,,160.31
135.9383939981994,Wood,0.075,0.12,Polyurethane Foam,0.058,0.03,Mineral Wool,0.017,0.045,Concrete,0.047,1.4,,,,45.78
119.75662732758947,Polyurethane Foam,0.023,0.03,Air,0.056,0.025,Polyurethane Foam,0.072,0.03,Fiberglass,0.046,0.04,,,,18.26
130.24927964538625,Mineral Wool,0.017,0.045,,,,,,,,,,,,,344.78
252.2382737150379,Ceramic Fiber,0.099,0.06,,,,,,,,,,,,,152.87
263.34296472666546,Ceramic Fiber,0.028,0.06,Air,0.021,0.025,Glass,0.099,0.8,Glass,0.037,0.8,,,,178.34
297.60904863291466,Air,0.054,0.025,Polyurethane Foam,0.066,0.03,Polyurethane Foam,0.032,0.03,,,,,,,54.84
165.5125063514912,Polyurethane Foam,0.042,0.03,Ceramic Fiber,0.038,0.06,,,,,,,,,,81.4
122.53923069837592,Air,0.061,0.025,Glass,0.094,0.8,Air,0.069,0.025,,,,,,,23.04
147.8330026575785,Fiberglass,0.022,0.04,,,,,,,,,,,,,268.79
145.2618025817331,Mineral Wool,0.092,0.045,Air,0.077,0.025,Polyurethane Foam,0.047,0.03,Fiberglass,0.063,0.04,Polyurethane Foam,0.041,0.03,15.08
265.15880229043825,Mineral Wool,0.032,0.045,Wood,0.019,0.12,Air,0.035,0.025,,,,,,,116.84
149.81813644555336,Ceramic Fiber,0.043,0.06,Air,0.085,0.025,,,,,,,,,,36.39
64.72925843887212,Polyurethane Foam,0.068,0.03,Polyurethane Foam,0.039,0.03,Glass,0.032,0.8,,,,,,,17.95
58.88235232576146,Air,0.068,0.025,Mineral Wool,0.018,0.045,Air,0.027,0.025,Wood,0.06,0.12,,,,12.53
167.44977644600846,Air,0.028,0.025,Wood,0.044,0.12,Polyurethane Foam,0.012,0.03,,,,,,,88.75
51.3051008652131,Fiberglass,0.027,0.04,Mineral Wool,0.067,0.045,Wood,0.052,0.12,Concrete,0.096,1.4,,,,19.25
170.27143022926828,Wood,0.03,0.12,Glass,0.043,0.8,Glass,0.018,0.8,Ceramic Fiber,0.026,0.06,Concrete,0.029,1.4,218.21
279.38154153440223,Air,0.036,0.025,Concrete,0.048,1.4,Fiberglass,0.047,0.04,,,,,,,105.46
203.52041271764972,Glass,0.084,0.8,Wood,0.03,0.12,Glass,0.095,0.8,Fiberglass,0.02,0.04,,,,209.01
240.00339815574708,Wood,0.035,0.12,Glass,0.054,0.8,Wood,0.012,0.12,,,,,,,522.69
53.53922176175883,Wood,0.03,0.12,Mineral Wool,0.065,0.045,Concrete,0.081,1.4,,,,,,,30.55
109.37679042051805,Concrete,0.016,1.4,Air,0.093,0.025,Air,0.032,0.025,Air,0.073,0.025,,,,13.79
180.11882331302414,Glass,0.062,0.8,Mineral Wool,0.07,0.045,Fiberglass,0.061,0.04,Ceramic Fiber,0.093,0.06,,,,38.26
69.92028386943112,Glass,0.016,0.8,Ceramic Fiber,0.082,0.06,Concrete,0.1,1.4,,,,,,,47.95
223.99472104234908,Mineral Wool,0.082,0.045,Air,0.013,0.025,Concrete,0.088,1.4,,,,,,,93.13
285.66055212843713,Ceramic Fiber,0.03,0.06,Glass,0.078,0.8,,,,,,,,,,478.09
283.6280903274137,Glass,0.034,0.8,,,,,,,,,,,,,6673.6
89.1426882922485,Glass,0.011,0.8,Polyurethane Foam,0.037,0.03,Concrete,0.017,1.4,Glass,0.044,0.8,,,,67.83
122.5931577272344,Air,0.052,0.025,Fiberglass,0.058,0.04,Wood,0.086,0.12,Glass,0.074,0.8,,,,28.25
149.11608976348026,Ceramic Fiber,0.081,0.06,,,,,,,,,,,,,110.46
205.5966434603392,Ceramic Fiber,0.038,0.06,Polyurethane Foam,0.059,0.03,,,,,,,,,,79.08
113.9578173358189,Fiberglass,0.014,0.04,Air,0.063,0.025,,,,,,,,,,39.71
174.73770339756823,Ceramic Fiber,0.089,0.06,Concrete,0.058,1.4,,,,,,,,,,114.6
114.43365927373182,Air,0.062,0.025,Ceramic Fiber,0.064,0.06,Air,0.017,0.025,Ceramic Fiber,0.081,0.06,,,,20.52
100.25131638194205,Glass,0.012,0.8,Fiberglass,0.013,0.04,Glass,0.03,0.8,Concrete,0.05,1.4,,,,242.61
96.37342730589752,Polyurethane Foam,0.084,0.03,Mineral Wool,0.044,0.045,Concrete,0.05,1.4,,,,,,,25.27
65.64623896369221,Polyurethane Foam,0.066,0.03,Polyurethane Foam,0.078,0.03,Glass,0.046,0.8,Wood,0.015,0.12,Ceramic Fiber,0.053,0.06,11.19
197.00800853999974,Polyurethane Foam,0.013,0.03,,,,,,,,,,,,,454.63
140.84424081407593,Mineral Wool,0.087,0.045,,,,,,,,,,,,,72.85
249.52537776795066,Mineral Wool,0.043,0.045,Glass,0.09,0.8,Fiberglass,0.017,0.04,Polyurethane Foam,0.014,0.03,Concrete,0.031,1.4,125.9
210.88916885125556,Concrete,0.079,1.4,Fiberglass,0.048,0.04,Fiberglass,0.093,0.04,Air,0.039,0.025,,,,41.02
75.27413974309545,Fiberglass,0.076,0.04,Glass,0.07,0.8,Ceramic Fiber,0.087,0.06,Polyurethane Foam,0.038,0.03,Air,0.024,0.025,13.29
151.23116941393965,Concrete,0.094,1.4,Ceramic Fiber,0.075,0.06,,,,,,,,,,114.82
137.33521259978073,Air,0.082,0.025,Wood,0.092,0.12,,,,,,,,,,33.94
108.14114739564161,Concrete,0.095,1.4,,,,,,,,,,,,,1593.66
223.17808533359326,Ceramic Fiber,0.029,0.06,,,,,,,,,,,,,461.75
263.18039198560695,Mineral Wool,0.029,0.045,,,,,,,,,,,,,408.38
157.00108872585002,Air,0.059,0.025,Glass,0.093,0.8,Polyurethane Foam,0.07,0.03,Concrete,0.064,1.4,,,,32.34
249.99098318644695,Polyurethane Foam,0.065,0.03,Glass,0.072,0.8,Mineral Wool,0.06,0.045,Air,0.097,0.025,Glass,0.019,0.8,33.36
54.13503595805459,Wood,0.089,0.12,Fiberglass,0.05,0.04,Concrete,0.046,1.4,Wood,0.059,0.12,,,,21.51
238.49551249538672,Fiberglass,0.045,0.04,Fiberglass,0.066,0.04,Polyurethane Foam,0.075,0.03,Mineral Wool,0.09,0.045,,,,32.78
274.7286945468788,Ceramic Fiber,0.015,0.06,,,,,,,,,,,,,1098.91
158.46063894927627,Air,0.061,0.025,Wood,0.012,0.12,Polyurethane Foam,0.06,0.03,Ceramic Fiber,0.05,0.06,,,,29.49
208.02980281527877,Mineral Wool,0.025,0.045,Mineral Wool,0.037,0.045,Glass,0.096,0.8,Wood,0.017,0.12,Ceramic Fiber,0.074,0.06,72.41
170.25003130742482,Polyurethane Foam,0.041,0.03,Polyurethane Foam,0.095,0.03,Mineral Wool,0.048,0.045,,,,,,,30.4
233.49908975421152,Polyurethane Foam,0.037,0.03,Glass,0.088,0.8,Wood,0.055,0.12,Glass,0.035,0.8,Glass,0.081,0.8,119.95
223.04604557947258,Ceramic Fiber,0.058,0.06,Mineral Wool,0.061,0.045,Air,0.096,0.025,Air,0.019,0.025,,,,32.22
275.92128812170097,Concrete,0.086,1.4,,,,,,,,,,,,,4491.74
209.7481085073337,Polyurethane Foam,0.022,0.03,Ceramic Fiber,0.055,0.06,Polyurethane Foam,0.098,0.03,Air,0.08,0.025,Polyurethane Foam,0.048,0.03,21.59
143.92487637342083,Concrete,0.015,1.4,Ceramic Fiber,0.036,0.06,Ceramic Fiber,0.045,0.06,,,,,,,105.77
240.31173724635457,Fiberglass,0.085,0.04,Fiberglass,0.013,0.04,Air,0.027,0.025,Mineral Wool,0.049,0.045,Wood,0.011,0.12,51.02
176.25701451859533,Wood,0.043,0.12,Ceramic Fiber,0.065,0.06,Fiberglass,0.023,0.04,,,,,,,87.4
155.9119178267572,Concrete,0.011,1.4,Concrete,0.014,1.4,Air,0.076,0.025,Ceramic Fiber,0.043,0.06,,,,41.31
148.60926253516456,Air,0.074,0.025,,,,,,,,,,,,,50.21
243.20095577994766,Concrete,0.097,1.4,,,,,,,,,,,,,3510.12
182.584791699767,Fiberglass,0.012,0.04,Concrete,0.014,1.4,Polyurethane Foam,0.078,0.03,Mineral Wool,0.016,0.045,,,,55.91
158.56245464547612,Air,0.018,0.025,Concrete,0.014,1.4,Mineral Wool,0.088,0.045,,,,,,,59.04
255.60828206382084,Air,0.061,0.025,Glass,0.056,0.8,Glass,0.075,0.8,Fiberglass,0.022,0.04,,,,81.05
262.7006376884518,Air,0.037,0.025,Concrete,0.092,1.4,Fiberglass,0.079,0.04,Polyurethane Foam,0.048,0.03,Air,0.044,0.025,38.18
72.78129741833607,Glass,0.041,0.8,Wood,0.093,0.12,Ceramic Fiber,0.071,0.06,Wood,0.077,0.12,,,,27.45
298.87638754760326,Fiberglass,0.076,0.04,Fiberglass,0.05,0.04,Ceramic Fiber,0.074,0.06,,,,,,,68.18
218.0918245817573,Glass,0.078,0.8,Mineral Wool,0.056,0.045,Polyurethane Foam,0.011,0.03,Air,0.069,0.025,,,,48.81
82.10020666494415,Wood,0.018,0.12,,,,,,,,,,,,,547.33
59.174169226454225,Glass,0.033,0.8,Air,0.098,0.025,Glass,0.092,0.8,,,,,,,14.52
229.15243703922587,Glass,0.022,0.8,Wood,0.077,0.12,Concrete,0.039,1.4,Polyurethane Foam,0.016,0.03,,,,186.25
212.76416770298894,Fiberglass,0.084,0.04,Fiberglass,0.057,0.04,Concrete,0.073,1.4,Polyurethane Foam,0.04,0.03,,,,43.33
143.47843381523853,Glass,0.077,0.8,Wood,0.082,0.12,Air,0.079,0.025,Fiberglass,0.065,0.04,,,,25.78
138.28289443329945,Mineral Wool,0.028,0.045,Ceramic Fiber,0.063,0.06,Mineral Wool,0.015,0.045,Fiberglass,0.072,0.04,Air,0.074,0.025,20.44
53.233714132059276,Wood,0.08,0.12,Air,0.075,0.025,,,,,,,,,,14.52
138.77873008599988,Concrete,0.057,1.4,Concrete,0.036,1.4,Concrete,0.046,1.4,,,,,,,1397.77
182.29489798987612,Air,0.04,0.025,Air,0.1,0.025,Glass,0.068,0.8,Polyurethane Foam,0.031,0.03,Ceramic Fiber,0.07,0.06,23.12
167.19255881426477,Fiberglass,0.079,0.04,Fiberglass,0.055,0.04,,,,,,,,,,49.91
135.01761525260946,Fiberglass,0.04,0.04,Fiberglass,0.055,0.04,Wood,0.091,0.12,Ceramic Fiber,0.087,0.06,Mineral Wool,0.037,0.045,24.98
187.44758400017358,Air,0.049,0.025,Wood,0.016,0.12,Air,0.035,0.025,Polyurethane Foam,0.062,0.03,Polyurethane Foam,0.017,0.03,30.6
102.5387485857976,Glass,0.097,0.8,Mineral Wool,0.041,0.045,Air,0.075,0.025,Ceramic Fiber,0.025,0.06,,,,23.05
236.09967448106846,Ceramic Fiber,0.022,0.06,Wood,0.082,0.12,,,,,,,,,,224.86
103.15406097977848,Glass,0.018,0.8,Polyurethane Foam,0.06,0.03,Wood,0.047,0.12,,,,,,,42.73
71.85022725119717,Wood,0.089,0.12,Air,0.05,0.025,Polyurethane Foam,0.089,0.03,Ceramic Fiber,0.082,0.06,,,,10.16
90.31095786089081,Concrete,0.051,1.4,Mineral Wool,0.034,0.045,Fiberglass,0.047,0.04,Wood,0.023,0.12,Mineral Wool,0.086,0.045,22.19
298.36632307756366,Air,0.093,0.025,Fiberglass,0.029,0.04,Ceramic Fiber,0.095,0.06,Fiberglass,0.083,0.04,,,,36.82
131.9174075548113,Polyurethane Foam,0.012,0.03,Glass,0.045,0.8,Concrete,0.057,1.4,Polyurethane Foam,0.098,0.03,,,,35.05
93.69728740895623,Air,0.027,0.025,Ceramic Fiber,0.098,0.06,Ceramic Fiber,0.035,0.06,Polyurethane Foam,0.039,0.03,Glass,0.038,0.8,20.18
286.2737064598781,Wood,0.097,0.12,Polyurethane Foam,0.031,0.03,,,,,,,,,,155.44
138.79423385869512,Concrete,0.095,1.4,Air,0.098,0.025,,,,,,,,,,34.8
66.15997545186376,Mineral Wool,0.042,0.045,Polyurethane Foam,0.093,0.03,Ceramic Fiber,0.071,0.06,Mineral Wool,0.052,0.045,Concrete,0.027,1.4,10.35
296.8563314293953,Wood,0.05,0.12,,,,,,,,,,,,,712.46
86.66224451445134,Fiberglass,0.049,0.04,Fiberglass,0.07,0.04,Polyurethane Foam,0.061,0.03,,,,,,,17.3
207.43576510266485,Ceramic Fiber,0.038,0.06,Concrete,0.092,1.4,Fiberglass,0.099,0.04,Glass,0.022,0.8,Fiberglass,0.032,0.04,51.84
225.32197866358644,Glass,0.063,0.8,Polyurethane Foam,0.017,0.03,Fiberglass,0.091,0.04,,,,,,,77.15
288.02156172573484,Air,0.068,0.025,Concrete,0.027,1.4,Fiberglass,0.082,0.04,Air,0.029,0.025,Mineral Wool,0.041,0.045,41.98
208.7687648197634,Polyurethane Foam,0.056,0.03,Mineral Wool,0.012,0.045,Concrete,0.023,1.4,Fiberglass,0.1,0.04,Glass,0.041,0.8,44.41
58.85287731117557,Polyurethane Foam,0.061,0.03,Fiberglass,0.029,0.04,Polyurethane Foam,0.08,0.03,Wood,0.049,0.12,Fiberglass,0.082,0.04,7.47
172.4181782453316,Ceramic Fiber,0.011,0.06,,,,,,,,,,,,,940.46
285.281540952305,Air,0.097,0.025,Fiberglass,0.049,0.04,Mineral Wool,0.035,0.045,,,,,,,48.49
294.30292702719976,Polyurethane Foam,0.038,0.03,Ceramic Fiber,0.063,0.06,Air,0.081,0.025,Fiberglass,0.073,0.04,,,,39.87
141.55933898719144,Air,0.079,0.025,Mineral Wool,0.054,0.045,Polyurethane Foam,0.08,0.03,,,,,,,20.15
107.93846615203601,Concrete,0.038,1.4,Glass,0.054,0.8,Mineral Wool,0.053,0.045,,,,,,,84.83
180.7123019374155,Mineral Wool,0.067,0.045,,,,,,,,,,,,,121.37
273.66236048442704,Concrete,0.075,1.4,Air,0.072,0.025,Glass,0.095,0.8,,,,,,,89.66
151.93059079536675,Glass,0.038,0.8,Fiberglass,0.056,0.04,Wood,0.035,0.12,Concrete,0.098,1.4,Ceramic Fiber,0.039,0.06,61.78
102.27529028274577,Ceramic Fiber,0.026,0.06,Polyurethane Foam,0.025,0.03,Concrete,0.098,1.4,,,,,,,76.52
164.7977387132987,Glass,0.092,0.8,,,,,,,,,,,,,1433.02
96.46030862338418,Polyurethane Foam,0.051,0.03,Concrete,0.055,1.4,Glass,0.02,0.8,Ceramic Fiber,0.056,0.06,Wood,0.014,0.12,34.28
290.150819601687,Glass,0.083,0.8,Air,0.067,0.025,Mineral Wool,0.017,0.045,Concrete,0.042,1.4,Mineral Wool,0.072,0.045,60.55
80.96713720957173,Wood,0.021,0.12,Fiberglass,0.054,0.04,Air,0.082,0.025,Ceramic Fiber,0.043,0.06,Fiberglass,0.021,0.04,13.39
169.52184219979486,Concrete,0.079,1.4,Fiberglass,0.1,0.04,Fiberglass,0.027,0.04,Fiberglass,0.064,0.04,Concrete,0.08,1.4,34.68
159.54390579071247,Fiberglass,0.012,0.04,Mineral Wool,0.09,0.045,,,,,,,,,,69.37
254.93217400037688,Wood,0.045,0.12,Glass,0.079,0.8,,,,,,,,,,538.12
84.8373102054248,Fiberglass,0.072,0.04,Air,0.041,0.025,Concrete,0.087,1.4,Polyurethane Foam,0.081,0.03,Air,0.083,0.025,8.91
280.73571586500304,Mineral Wool,0.031,0.045,Wood,0.054,0.12,Ceramic Fiber,0.1,0.06,,,,,,,100.06
172.77825038878666,Concrete,0.021,1.4,Concrete,0.086,1.4,Glass,0.027,0.8,Ceramic Fiber,0.051,0.06,Wood,0.088,0.12,102.02
58.22163264801523,Glass,0.055,0.8,,,,,,,,,,,,,846.86
117.29870230667525,Concrete,0.014,1.4,Air,0.096,0.025,Glass,0.051,0.8,Fiberglass,0.092,0.04,Air,0.057,0.025,13.81
200.3262681684376,Fiberglass,0.074,0.04,Wood,0.027,0.12,Polyurethane Foam,0.025,0.03,Glass,0.093,0.8,Ceramic Fiber,0.011,0.06,62.45
256.41222248041277,Mineral Wool,0.081,0.045,Fiberglass,0.048,0.04,Wood,0.074,0.12,,,,,,,70.9
182.6951537548737,Air,0.045,0.025,Air,0.019,0.025,Ceramic Fiber,0.055,0.06,Wood,0.024,0.12,,,,49.69
178.91158224433343,Concrete,0.058,1.4,Concrete,0.099,1.4,Glass,0.082,0.8,,,,,,,833.53
192.99383399798148,Fiberglass,0.013,0.04,Wood,0.054,0.12,Air,0.038,0.025,Glass,0.027,0.8,Polyurethane Foam,0.066,0.03,42.62
208.8065516645403,Glass,0.062,0.8,Concrete,0.015,1.4,Ceramic Fiber,0.083,0.06,Mineral Wool,0.044,0.045,Concrete,0.019,1.4,84.78
206.84671448374843,Fiberglass,0.067,0.04,,,,,,,,,,,,,123.49
180.30840832164427,Wood,0.022,0.12,Ceramic Fiber,0.047,0.06,Fiberglass,0.042,0.04,Glass,0.07,0.8,,,,85.69
257.0177892701931,Mineral Wool,0.074,0.045,Wood,0.041,0.12,,,,,,,,,,129.41
176.49456852379706,Ceramic Fiber,0.08,0.06,Mineral Wool,0.072,0.045,Fiberglass,0.011,0.04,Air,0.015,0.025,,,,46.34
284.02313364829445,Fiberglass,0.014,0.04,,,,,,,,,,,,,811.49
113.2087903642367,Wood,0.024,0.12,,,,,,,,,,,,,566.04
186.17974626775654,Ceramic Fiber,0.015,0.06,,,,,,,,,,,,,744.72
273.0871537904535,Wood,0.037,0.12,,,,,,,,,,,,,885.69
105.55879466500849,Wood,0.072,0.12,Wood,0.059,0.12,Ceramic Fiber,0.097,0.06,Polyurethane Foam,0.042,0.03,,,,25.69
189.7296464546045,Fiberglass,0.014,0.04,Polyurethane Foam,0.09,0.03,,,,,,,,,,56.64
131.9629797590299,Concrete,0.062,1.4,Mineral Wool,0.027,0.045,Air,0.038,0.025,Glass,0.076,0.8,,,,58.41
249.06287852965133,Fiberglass,0.044,0.04,Fiberglass,0.099,0.04,,,,,,,,,,69.67
239.33827818246965,Mineral Wool,0.039,0.045,Fiberglass,0.05,0.04,Fiberglass,0.029,0.04,,,,,,,84.22
231.97030543557022,Concrete,0.034,1.4,Glass,0.021,0.8,Wood,0.037,0.12,Wood,0.03,0.12,Fiberglass,0.09,0.04,81.14
147.8014413744093,Fiberglass,0.087,0.04,Wood,0.09,0.12,Concrete,0.043,1.4,Polyurethane Foam,0.06,0.03,Glass,0.021,0.8,29.67
239.4825712348295,Fiberglass,0.049,0.04,Polyurethane Foam,0.054,0.03,,,,,,,,,,79.17
169.53181088506227,Wood,0.045,0.12,Concrete,0.02,1.4,Mineral Wool,0.073,0.045,Fiberglass,0.08,0.04,,,,42.26
230.1466597480882,Glass,0.095,0.8,Fiberglass,0.055,0.04,Mineral Wool,0.065,0.045,Wood,0.043,0.12,Ceramic Fiber,0.095,0.06,47.16
90.77915182340227,Fiberglass,0.075,0.04,Air,0.062,0.025,Glass,0.011,0.8,Concrete,0.07,1.4,Fiberglass,0.062,0.04,15.21
188.27161043366712,Polyurethane Foam,0.013,0.03,Ceramic Fiber,0.05,0.06,,,,,,,,,,148.64
148.3188466116444,Concrete,0.065,1.4,Wood,0.028,0.12,,,,,,,,,,530.16
170.16272805339054,Wood,0.043,0.12,Polyurethane Foam,0.051,0.03,Polyurethane Foam,0.039,0.03,Ceramic Fiber,0.034,0.06,Ceramic Fiber,0.062,0.06,34.32
254.89011770525096,Glass,0.083,0.8,,,,,,,,,,,,,2456.77
265.84747435293656,Glass,0.061,0.8,Polyurethane Foam,0.055,0.03,,,,,,,,,,139.22
105.32617044068766,Air,0.035,0.025,,,,,,,,,,,,,75.23
208.71239378099924,Ceramic Fiber,0.07,0.06,,,,,,,,,,,,,178.9
215.3206373949425,Glass,0.079,0.8,Concrete,0.028,1.4,,,,,,,,,,1813.23
254.12604701029983,Fiberglass,0.095,0.04,Wood,0.032,0.12,Ceramic Fiber,0.012,0.06,,,,,,,89.43
136.96607779446697,Concrete,0.042,1.4,,,,,,,,,,,,,4565.54
268.914363228679,Glass,0.084,0.8,Wood,0.042,0.12,Glass,0.055,0.8,,,,,,,513.44
111.93260807371762,Mineral Wool,0.033,0.045,Concrete,0.024,1.4,Concrete,0.075,1.4,Polyurethane Foam,0.085,0.03,Fiberglass,0.083,0.04,19.59
268.4151820819438,Fiberglass,0.016,0.04,Polyurethane Foam,0.012,0.03,Ceramic Fiber,0.032,0.06,Polyurethane Foam,0.087,0.03,,,,63.41
97.2258749138731,Air,0.018,0.025,Fiberglass,0.023,0.04,,,,,,,,,,75.08
256.78451168671285,Mineral Wool,0.016,0.045,Polyurethane Foam,0.092,0.03,,,,,,,,,,75.03
281.5134739450484,Air,0.024,0.025,,,,,,,,,,,,,293.24
147.08832753244127,Concrete,0.014,1.4,Concrete,0.035,1.4,Fiberglass,0.052,0.04,Fiberglass,0.069,0.04,Polyurethane Foam,0.096,0.03,23.5
118.81932679084893,Fiberglass,0.063,0.04,Glass,0.016,0.8,Mineral Wool,0.088,0.045,Ceramic Fiber,0.01,0.06,,,,31.96
85.83806446755419,Wood,0.082,0.12,,,,,,,,,,,,,125.62
234.61456433330352,Fiberglass,0.034,0.04,Air,0.029,0.025,Wood,0.052,0.12,Ceramic Fiber,0.062,0.06,Mineral Wool,0.056,0.045,49.69
86.19510588509692,Mineral Wool,0.063,0.045,Air,0.046,0.025,Mineral Wool,0.013,0.045,Mineral Wool,0.045,0.045,,,,19.03
181.4010426994693,Air,0.089,0.025,Wood,0.032,0.12,Ceramic Fiber,0.074,0.06,Wood,0.025,0.12,Polyurethane Foam,0.068,0.03,24.07
246.2222672443381,Polyurethane Foam,0.098,0.03,Concrete,0.096,1.4,Mineral Wool,0.028,0.045,,,,,,,62.22
268.2449957089183,Wood,0.052,0.12,,,,,,,,,,,,,619.03
227.70973839211786,Polyurethane Foam,0.026,0.03,Ceramic Fiber,0.028,0.06,Concrete,0.059,1.4,,,,,,,165.55
294.2609321544372,Concrete,0.024,1.4,Glass,0.057,0.8,,,,,,,,,,3329.01
271.5617692087791,Polyurethane Foam,0.095,0.03,Wood,0.086,0.12,,,,,,,,,,69.93
101.61985153476725,Ceramic Fiber,0.048,0.06,Glass,0.067,0.8,Fiberglass,0.01,0.04,Fiberglass,0.089,0.04,,,,30.26
98.40492279752223,Mineral Wool,0.047,0.045,Glass,0.028,0.8,Air,0.043,0.025,Wood,0.06,0.12,Ceramic Fiber,0.029,0.06,26.01
87.52924398477164,Fiberglass,0.046,0.04,,,,,,,,,,,,,76.11
139.20834285773606,Glass,0.071,0.8,,,,,,,,,,,,,1568.54
130.60179718652935,Wood,0.044,0.12,Concrete,0.018,1.4,Ceramic Fiber,0.072,0.06,,,,,,,82.68
88.40804810485965,Wood,0.026,0.12,Mineral Wool,0.096,0.045,Air,0.025,0.025,Concrete,0.038,1.4,,,,26.18
107.88934767123405,Glass,0.011,0.8,Fiberglass,0.062,0.04,Concrete,0.088,1.4,,,,,,,66.33
181.6955854334376,Air,0.06,0.025,Wood,0.061,0.12,Ceramic Fiber,0.062,0.06,Concrete,0.03,1.4,,,,45.85
94.6382048946463,Mineral Wool,0.031,0.045,Mineral Wool,0.062,0.045,Fiberglass,0.085,0.04,,,,,,,22.58
93.8031550416004,Glass,0.041,0.8,,,,,,,,,,,,,1830.31
87.80895608003834,Ceramic Fiber,0.072,0.06,Fiberglass,0.025,0.04,Glass,0.062,0.8,Mineral Wool,0.037,0.045,,,,32.23
140.6024211390183,Wood,0.042,0.12,Polyurethane Foam,0.048,0.03,,,,,,,,,,72.1
60.05471896202609,Mineral Wool,0.044,0.045,,,,,,,,,,,,,61.42
209.92960791214583,Glass,0.077,0.8,,,,,,,,,,,,,2181.09
92.41149924338758,Glass,0.087,0.8,Air,0.032,0.025,Concrete,0.086,1.4,Air,0.073,0.025,,,,21.15
149.04634685518386,Glass,0.017,0.8,Mineral Wool,0.074,0.045,Ceramic Fiber,0.013,0.06,Air,0.1,0.025,Mineral Wool,0.015,0.045,23.98
270.63271160272825,Mineral Wool,0.056,0.045,Air,0.036,0.025,Mineral Wool,0.06,0.045,Polyurethane Foam,0.012,0.03,Fiberglass,0.069,0.04,44.06
156.56395816567795,Polyurethane Foam,0.049,0.03,,,,,,,,,,,,,95.86
222.11814087351547,Polyurethane Foam,0.039,0.03,Concrete,0.04,1.4,Glass,0.037,0.8,Wood,0.026,0.12,,,,139.57
212.3005445031437,Glass,0.073,0.8,Fiberglass,0.036,0.04,Mineral Wool,0.096,0.045,,,,,,,67.95
278.4469928285117,Fiberglass,0.089,0.04,Wood,0.045,0.12,Glass,0.034,0.8,Ceramic Fiber,0.064,0.06,Fiberglass,0.019,0.04,66.55
93.65102890785988,Polyurethane Foam,0.049,0.03,Ceramic Fiber,0.096,0.06,,,,,,,,,,28.96
131.72432918739213,Wood,0.058,0.12,Air,0.014,0.025,Polyurethane Foam,0.031,0.03,Concrete,0.05,1.4,,,,62.36
192.42805368633134,Mineral Wool,0.069,0.045,,,,,,,,,,,,,125.5
203.99240427484526,Fiberglass,0.088,0.04,Glass,0.075,0.8,Polyurethane Foam,0.033,0.03,,,,,,,60.11
231.53947582368176,Polyurethane Foam,0.016,0.03,Fiberglass,0.036,0.04,Concrete,0.024,1.4,Mineral Wool,0.02,0.045,,,,122.19
131.16555664366243,Ceramic Fiber,0.066,0.06,Concrete,0.072,1.4,Mineral Wool,0.015,0.045,,,,,,,88.34
257.2822728565149,Wood,0.04,0.12,,,,,,,,,,,,,771.85
229.66918399147787,Ceramic Fiber,0.084,0.06,Air,0.069,0.025,Polyurethane Foam,0.097,0.03,Ceramic Fiber,0.095,0.06,,,,25.59
146.30280739919732,Ceramic Fiber,0.074,0.06,Mineral Wool,0.045,0.045,Mineral Wool,0.094,0.045,Fiberglass,0.037,0.04,,,,27.88
126.25105521299622,Concrete,0.071,1.4,Concrete,0.029,1.4,Ceramic Fiber,0.049,0.06,,,,,,,142.16
133.1392290610801,Ceramic Fiber,0.079,0.06,Fiberglass,0.088,0.04,,,,,,,,,,37.86
103.99464371462476,Wood,0.025,0.12,Ceramic Fiber,0.062,0.06,,,,,,,,,,83.75
252.73149566558868,Ceramic Fiber,0.069,0.06,,,,,,,,,,,,,219.77
181.1700405047203,Concrete,0.049,1.4,,,,,,,,,,,,,5176.29
51.66663211603799,Air,0.033,0.025,Ceramic Fiber,0.073,0.06,,,,,,,,,,20.37
188.07926257433965,Fiberglass,0.046,0.04,Ceramic Fiber,0.037,0.06,Polyurethane Foam,0.047,0.03,Polyurethane Foam,0.098,0.03,,,,28.5
252.47983970505825,Glass,0.092,0.8,Polyurethane Foam,0.019,0.03,Polyurethane Foam,0.014,0.03,Polyurethane Foam,0.036,0.03,,,,104.55
208.82490266563218,Glass,0.097,0.8,,,,,,,,,,,,,1722.27
91.76736569909161,Fiberglass,0.017,0.04,Wood,0.08,0.12,Concrete,0.013,1.4,Wood,0.086,0.12,,,,50.49
119.21364969697741,Mineral Wool,0.012,0.045,Fiberglass,0.043,0.04,,,,,,,,,,88.85
213.91706597727367,Concrete,0.034,1.4,,,,,,,,,,,,,8808.35
180.15863712578522,Wood,0.038,0.12,Mineral Wool,0.071,0.045,,,,,,,,,,95.1
160.48380107080953,Glass,0.066,0.8,,,,,,,,,,,,,1945.26
205.87081377349875,Mineral Wool,0.011,0.045,Concrete,0.037,1.4,Mineral Wool,0.04,0.045,Fiberglass,0.015,0.04,Ceramic Fiber,0.054,0.06,84.55
113.1969839531531,Polyurethane Foam,0.062,0.03,Wood,0.013,0.12,Concrete,0.039,1.4,Air,0.02,0.025,,,,37.7
216.67615056660995,Mineral Wool,0.099,0.045,Mineral Wool,0.091,0.045,Air,0.042,0.025,,,,,,,36.71
178.40136409712144,Polyurethane Foam,0.081,0.03,Ceramic Fiber,0.053,0.06,Concrete,0.02,1.4,,,,,,,49.59
105.37587000021117,Glass,0.015,0.8,Concrete,0.083,1.4,Ceramic Fiber,0.033,0.06,,,,,,,167.79
178.78047749234116,Glass,0.078,0.8,,,,,,,,,,,,,1833.65
128.39542123211464,Air,0.055,0.025,Air,0.082,0.025,Polyurethane Foam,0.1,0.03,,,,,,,14.57
174.8011559533293,Glass,0.094,0.8,Concrete,0.021,1.4,Glass,0.017,0.8,,,,,,,1136.92
191.4837863459764,Fiberglass,0.059,0.04,Glass,0.057,0.8,Polyurethane Foam,0.037,0.03,Concrete,0.04,1.4,Fiberglass,0.023,0.04,56.6
234.8399774607796,Ceramic Fiber,0.019,0.06,Fiberglass,0.018,0.04,,,,,,,,,,306.31
147.60093006735758,Glass,0.096,0.8,,,,,,,,,,,,,1230.01
198.38456069025025,Concrete,0.033,1.4,Mineral Wool,0.072,0.045,Glass,0.034,0.8,Concrete,0.015,1.4,,,,118.31
190.36646175750482,Ceramic Fiber,0.037,0.06,,,,,,,,,,,,,308.7
221.27093731088905,Mineral Wool,0.067,0.045,Mineral Wool,0.019,0.045,Fiberglass,0.016,0.04,Wood,0.023,0.12,,,,88.41
195.01555888305475,Concrete,0.048,1.4,Ceramic Fiber,0.024,0.06,Mineral Wool,0.045,0.045,Concrete,0.083,1.4,Fiberglass,0.032,0.04,85.03
168.887504678868,Wood,0.09,0.12,Ceramic Fiber,0.047,0.06,Polyurethane Foam,0.096,0.03,Ceramic Fiber,0.063,0.06,Concrete,0.078,1.4,28.92
145.27020145273335,Wood,0.095,0.12,Air,0.076,0.025,Fiberglass,0.037,0.04,Fiberglass,0.031,0.04,,,,26.26
287.83120284726334,Polyurethane Foam,0.02,0.03,Fiberglass,0.054,0.04,Air,0.095,0.025,Glass,0.075,0.8,Concrete,0.044,1.4,48.44
260.67196671222166,Air,0.016,0.025,Glass,0.056,0.8,Ceramic Fiber,0.098,0.06,Glass,0.084,0.8,Polyurethane Foam,0.074,0.03,53.04
77.00747170166281,Ceramic Fiber,0.031,0.06,Ceramic Fiber,0.016,0.06,Ceramic Fiber,0.1,0.06,,,,,,,31.43
143.4614715394638,Fiberglass,0.022,0.04,Glass,0.025,0.8,Concrete,0.037,1.4,Ceramic Fiber,0.022,0.06,Ceramic Fiber,0.036,0.06,91.12
256.40433220577637,Ceramic Fiber,0.035,0.06,Polyurethane Foam,0.061,0.03,Fiberglass,0.056,0.04,Ceramic Fiber,0.033,0.06,,,,56.15
252.03053761268546,Air,0.057,0.025,Concrete,0.059,1.4,Wood,0.033,0.12,Ceramic Fiber,0.048,0.06,Glass,0.056,0.8,72.69
297.7237972181101,Wood,0.043,0.12,Ceramic Fiber,0.013,0.06,Polyurethane Foam,0.022,0.03,,,,,,,227.56
79.02138523971604,Polyurethane Foam,0.09,0.03,,,,,,,,,,,,,26.34
132.52313090832638,Concrete,0.086,1.4,Fiberglass,0.015,0.04,Wood,0.065,0.12,Fiberglass,0.078,0.04,Air,0.053,0.025,26.25
129.9230191781768,Polyurethane Foam,0.093,0.03,Wood,0.06,0.12,,,,,,,,,,36.09
209.57719850799356,Air,0.02,0.025,Mineral Wool,0.011,0.045,,,,,,,,,,200.66
203.14158576293252,Ceramic Fiber,0.075,0.06,Glass,0.027,0.8,,,,,,,,,,158.24
243.29322168308258,Ceramic Fiber,0.082,0.06,Fiberglass,0.031,0.04,,,,,,,,,,113.6
195.1499052414805,Wood,0.073,0.12,Mineral Wool,0.023,0.045,Ceramic Fiber,0.012,0.06,Glass,0.011,0.8,Wood,0.075,0.12,99.66
245.26181346389416,Polyurethane Foam,0.083,0.03,Ceramic Fiber,0.015,0.06,Concrete,0.08,1.4,Fiberglass,0.02,0.04,Mineral Wool,0.046,0.045,53.36
258.6074900343375,Wood,0.015,0.12,,,,,,,,,,,,,2068.86
221.87805472291205,Glass,0.039,0.8,,,,,,,,,,,,,4551.34
181.0606315577474,Mineral Wool,0.08,0.045,Mineral Wool,0.035,0.045,Mineral Wool,0.065,0.045,,,,,,,45.27
292.76675883355745,Mineral Wool,0.045,0.045,Concrete,0.046,1.4,Glass,0.051,0.8,Mineral Wool,0.058,0.045,Wood,0.034,0.12,109.7
251.50565244036918,Air,0.066,0.025,Glass,0.071,0.8,Wood,0.05,0.12,,,,,,,79.96
202.0017516519901,Polyurethane Foam,0.075,0.03,Mineral Wool,0.023,0.045,,,,,,,,,,67.09
89.18544518114487,Air,0.079,0.025,,,,,,,,,,,,,28.22
207.34066284044454,Wood,0.099,0.12,Fiberglass,0.055,0.04,Concrete,0.08,1.4,,,,,,,91.86
159.37159043498445,Mineral Wool,0.077,0.045,Concrete,0.051,1.4,Fiberglass,0.058,0.04,Ceramic Fiber,0.052,0.06,Ceramic Fiber,0.087,0.06,28.9
185.14811158899045,Polyurethane Foam,0.078,0.03,Air,0.059,0.025,,,,,,,,,,37.33
214.38949621414832,Ceramic Fiber,0.091,0.06,Polyurethane Foam,0.021,0.03,Ceramic Fiber,0.027,0.06,Wood,0.067,0.12,,,,66.48
194.5190198082706,Fiberglass,0.07,0.04,Glass,0.066,0.8,Fiberglass,0.094,0.04,Concrete,0.06,1.4,,,,46.04
100.81102133718329,Ceramic Fiber,0.062,0.06,Ceramic Fiber,0.053,0.06,,,,,,,,,,52.6
182.86300811487715,Glass,0.038,0.8,,,,,,,,,,,,,3849.75
199.17424418830547,Mineral Wool,0.088,0.045,Mineral Wool,0.048,0.045,Polyurethane Foam,0.07,0.03,,,,,,,37.19
265.8320700944341,Concrete,0.03,1.4,Wood,0.059,0.12,Polyurethane Foam,0.08,0.03,Glass,0.021,0.8,,,,82.92
222.27258313185834,Concrete,0.044,1.4,Mineral Wool,0.076,0.045,Wood,0.075,0.12,Air,0.065,0.025,,,,44.95
232.943619820909,Concrete,0.029,1.4,Wood,0.01,0.12,Fiberglass,0.086,0.04,Fiberglass,0.055,0.04,Air,0.014,0.025,55.61
164.30813236240692,Air,0.049,0.025,,,,,,,,,,,,,83.83
263.8678050496942,Wood,0.054,0.12,,,,,,,,,,,,,586.37
216.19046706922686,Polyurethane Foam,0.051,0.03,Mineral Wool,0.011,0.045,Wood,0.017,0.12,,,,,,,103.63
200.31115697953678,Ceramic Fiber,0.077,0.06,Wood,0.036,0.12,Polyurethane Foam,0.017,0.03,Mineral Wool,0.06,0.045,,,,57.51
251.32417542641758,Fiberglass,0.044,0.04,Wood,0.06,0.12,Concrete,0.064,1.4,Polyurethane Foam,0.08,0.03,Concrete,0.014,1.4,58.14
251.03519955015787,Polyurethane Foam,0.01,0.03,Wood,0.082,0.12,Glass,0.016,0.8,,,,,,,242.16
188.0962949944694,Fiberglass,0.07,0.04,,,,,,,,,,,,,107.48
274.28132026001447,Wood,0.026,0.12,Air,0.014,0.025,Ceramic Fiber,0.023,0.06,,,,,,,236.45
190.83241806121163,Fiberglass,0.043,0.04,Wood,0.012,0.12,Mineral Wool,0.073,0.045,Fiberglass,0.092,0.04,,,,37.44
272.78035745093894,Ceramic Fiber,0.018,0.06,,,,,,,,,,,,,909.27
85.86669601906326,Concrete,0.072,1.4,Glass,0.019,0.8,Glass,0.086,0.8,Glass,0.087,0.8,Air,0.08,0.025,24.59
181.59057614985142,Ceramic Fiber,0.086,0.06,,,,,,,,,,,,,126.69
61.74259401216835,Mineral Wool,0.042,0.045,,,,,,,,,,,,,66.15
227.09603129670455,Wood,0.034,0.12,Wood,0.097,0.12,Air,0.045,0.025,Concrete,0.026,1.4,Ceramic Fiber,0.08,0.06,53.52
202.43586706621878,Wood,0.048,0.12,Glass,0.054,0.8,Concrete,0.072,1.4,Air,0.086,0.025,,,,51.13
291.0972828139128,Wood,0.071,0.12,Mineral Wool,0.051,0.045,Wood,0.076,0.12,Wood,0.034,0.12,,,,110.19
213.0196935271801,Air,0.088,0.025,Mineral Wool,0.053,0.045,Glass,0.048,0.8,,,,,,,44.77
132.24392610531777,Mineral Wool,0.067,0.045,Concrete,0.088,1.4,,,,,,,,,,85.22
295.47364483591656,Concrete,0.028,1.4,Glass,0.014,0.8,,,,,,,,,,7879.3
250.2159698145152,Ceramic Fiber,0.089,0.06,Glass,0.074,0.8,Wood,0.056,0.12,Polyurethane Foam,0.032,0.03,,,,80.48
267.2333717104945,Ceramic Fiber,0.019,0.06,Concrete,0.043,1.4,Wood,0.056,0.12,Mineral Wool,0.035,0.045,Wood,0.047,0.12,134.73
81.08813207219858,Wood,0.056,0.12,Concrete,0.094,1.4,Ceramic Fiber,0.057,0.06,Fiberglass,0.031,0.04,Mineral Wool,0.06,0.045,22.57
240.443434054471,Ceramic Fiber,0.046,0.06,Polyurethane Foam,0.04,0.03,Wood,0.055,0.12,Wood,0.05,0.12,,,,80.82
226.26481316769053,Concrete,0.086,1.4,,,,,,,,,,,,,3683.38
164.5436763703171,Polyurethane Foam,0.029,0.03,Concrete,0.098,1.4,Ceramic Fiber,0.028,0.06,Wood,0.022,0.12,Polyurethane Foam,0.025,0.03,65.3
257.6342966679032,Mineral Wool,0.08,0.045,Air,0.022,0.025,Air,0.022,0.025,Concrete,0.038,1.4,Polyurethane Foam,0.017,0.03,62.36
62.53465303464121,Wood,0.083,0.12,Air,0.062,0.025,Concrete,0.063,1.4,Fiberglass,0.094,0.04,Air,0.064,0.025,7.69
62.43650079664252,Glass,0.043,0.8,Concrete,0.067,1.4,Wood,0.033,0.12,Glass,0.057,0.8,Fiberglass,0.03,0.04,52.12
241.71318173572368,Polyurethane Foam,0.09,0.03,Wood,0.036,0.12,,,,,,,,,,73.25
149.27724261479693,Air,0.032,0.025,Fiberglass,0.051,0.04,Air,0.075,0.025,Fiberglass,0.028,0.04,Concrete,0.052,1.4,23.72
251.8529326939905,Glass,0.047,0.8,Fiberglass,0.082,0.04,,,,,,,,,,119.43
159.879392040568,Air,0.021,0.025,Glass,0.017,0.8,,,,,,,,,,185.64
294.57909034977723,Air,0.072,0.025,Concrete,0.026,1.4,Polyurethane Foam,0.073,0.03,Ceramic Fiber,0.088,0.06,,,,43.33
203.67044299400814,Fiberglass,0.048,0.04,Air,0.1,0.025,,,,,,,,,,39.17
62.87217727812539,Ceramic Fiber,0.078,0.06,Ceramic Fiber,0.056,0.06,Glass,0.032,0.8,Air,0.028,0.025,Glass,0.065,0.8,18.09
128.8864807474045,Ceramic Fiber,0.067,0.06,Fiberglass,0.026,0.04,Polyurethane Foam,0.04,0.03,Ceramic Fiber,0.089,0.06,Fiberglass,0.071,0.04,20.27
232.28588509968807,Fiberglass,0.074,0.04,Air,0.08,0.025,Fiberglass,0.079,0.04,Air,0.051,0.025,Concrete,0.073,1.4,25.48
122.56214050727652,Polyurethane Foam,0.048,0.03,Mineral Wool,0.038,0.045,Wood,0.011,0.12,Glass,0.067,0.8,Wood,0.079,0.12,37.39
292.7981539464434,Fiberglass,0.06,0.04,Concrete,0.078,1.4,Wood,0.086,0.12,,,,,,,128.85
104.45404492756015,Air,0.071,0.025,Wood,0.013,0.12,,,,,,,,,,35.43
164.31967148247054,Wood,0.092,0.12,Glass,0.068,0.8,Air,0.024,0.025,,,,,,,90.7
252.36248537864594,Wood,0.092,0.12,Polyurethane Foam,0.048,0.03,Mineral Wool,0.055,0.045,,,,,,,70.32
88.87625695993013,Ceramic Fiber,0.052,0.06,Mineral Wool,0.074,0.045,Ceramic Fiber,0.084,0.06,,,,,,,22.72
263.1625473868464,Fiberglass,0.075,0.04,Mineral Wool,0.043,0.045,,,,,,,,,,92.97
177.9177212679478,Glass,0.063,0.8,Mineral Wool,0.047,0.045,Fiberglass,0.079,0.04,Wood,0.025,0.12,Fiberglass,0.093,0.04,31.59
151.0149825437294,Mineral Wool,0.056,0.045,Polyurethane Foam,0.055,0.03,Mineral Wool,0.065,0.045,,,,,,,33.39
248.5879822811756,Glass,0.014,0.8,,,,,,,,,,,,,14205.03
228.38860265243042,Glass,0.016,0.8,Air,0.05,0.025,,,,,,,,,,113.06
160.33661929781795,Air,0.014,0.025,Fiberglass,0.054,0.04,,,,,,,,,,83.95
170.43422162652234,Fiberglass,0.062,0.04,Mineral Wool,0.043,0.045,,,,,,,,,,68.02
104.53958903994547,Concrete,0.045,1.4,Polyurethane Foam,0.097,0.03,Fiberglass,0.069,0.04,,,,,,,20.95
246.45158522221521,Glass,0.048,0.8,Concrete,0.014,1.4,Air,0.033,0.025,,,,,,,177.3
299.30930482364585,Air,0.017,0.025,,,,,,,,,,,,,440.16
211.96572398949257,Mineral Wool,0.065,0.045,Concrete,0.018,1.4,Mineral Wool,0.013,0.045,,,,,,,121.39
72.48921107623877,Glass,0.077,0.8,Polyurethane Foam,0.083,0.03,Wood,0.045,0.12,,,,,,,22.39
88.7013237528468,Glass,0.028,0.8,Ceramic Fiber,0.027,0.06,Concrete,0.059,1.4,Fiberglass,0.07,0.04,Mineral Wool,0.038,0.045,28.42
290.22938848967897,Glass,0.096,0.8,Ceramic Fiber,0.098,0.06,Wood,0.097,0.12,,,,,,,113.3
235.61932322614004,Polyurethane Foam,0.065,0.03,Concrete,0.013,1.4,Air,0.066,0.025,Ceramic Fiber,0.079,0.06,,,,38.42
258.9833659610613,Mineral Wool,0.019,0.045,Glass,0.024,0.8,Ceramic Fiber,0.028,0.06,Fiberglass,0.05,0.04,Fiberglass,0.097,0.04,56.38
205.03593700080094,Wood,0.071,0.12,Polyurethane Foam,0.093,0.03,Polyurethane Foam,0.034,0.03,,,,,,,42.49
163.7742193911721,Glass,0.063,0.8,Fiberglass,0.072,0.04,,,,,,,,,,87.17
228.23789861307853,Ceramic Fiber,0.026,0.06,Ceramic Fiber,0.048,0.06,Air,0.021,0.025,Concrete,0.067,1.4,,,,107.6
203.17771114058414,Wood,0.017,0.12,Ceramic Fiber,0.09,0.06,Concrete,0.019,1.4,Glass,0.091,0.8,Wood,0.051,0.12,92.61
86.4415599243929,Air,0.059,0.025,Ceramic Fiber,0.084,0.06,Mineral Wool,0.036,0.045,Glass,0.033,0.8,,,,18.79
268.1378494931779,Polyurethane Foam,0.01,0.03,Concrete,0.081,1.4,,,,,,,,,,685.44
184.72099368714942,Concrete,0.016,1.4,Glass,0.038,0.8,Glass,0.098,0.8,Glass,0.019,0.8,Polyurethane Foam,0.053,0.03,93.68
265.0807775587794,Polyurethane Foam,0.047,0.03,,,,,,,,,,,,,169.2
121.20805267359317,Wood,0.054,0.12,Ceramic Fiber,0.095,0.06,Fiberglass,0.043,0.04,Wood,0.08,0.12,Wood,0.021,0.12,30.69
63.41768110062769,Mineral Wool,0.063,0.045,Glass,0.062,0.8,Air,0.054,0.025,Wood,0.069,0.12,Polyurethane Foam,0.04,0.03,11.44
151.88557149470626,Mineral Wool,0.014,0.045,Ceramic Fiber,0.024,0.06,,,,,,,,,,213.59
74.90109359250825,Wood,0.054,0.12,Polyurethane Foam,0.028,0.03,Air,0.022,0.025,Fiberglass,0.055,0.04,,,,20.59
138.98616535748477,Fiberglass,0.02,0.04,Wood,0.06,0.12,Wood,0.087,0.12,Concrete,0.062,1.4,,,,78.55
245.65385266268254,Ceramic Fiber,0.014,0.06,Concrete,0.023,1.4,Polyurethane Foam,0.097,0.03,,,,,,,70.53
280.0521213605317,Fiberglass,0.013,0.04,Polyurethane Foam,0.016,0.03,Glass,0.034,0.8,Glass,0.038,0.8,,,,295.31
81.03453188454786,Fiberglass,0.036,0.04,Concrete,0.02,1.4,Wood,0.044,0.12,Wood,0.033,0.12,,,,52.08
176.93589631512023,Fiberglass,0.081,0.04,Mineral Wool,0.026,0.045,,,,,,,,,,67.98
263.4085001095741,Air,0.079,0.025,Mineral Wool,0.061,0.045,Polyurethane Foam,0.072,0.03,Glass,0.046,0.8,,,,37.78
110.68843321462161,Wood,0.038,0.12,Fiberglass,0.086,0.04,Concrete,0.014,1.4,,,,,,,44.69
136.5669920789959,Air,0.043,0.025,Concrete,0.059,1.4,Wood,0.047,0.12,Concrete,0.031,1.4,Mineral Wool,0.094,0.045,32.02
226.32735456397486,Mineral Wool,0.011,0.045,Concrete,0.063,1.4,Ceramic Fiber,0.048,0.06,Ceramic Fiber,0.028,0.06,,,,145.44
183.87680347975,Fiberglass,0.083,0.04,,,,,,,,,,,,,88.62
241.1912925313942,Mineral Wool,0.061,0.045,Glass,0.066,0.8,,,,,,,,,,167.72
173.5908261670983,Wood,0.042,0.12,Fiberglass,0.081,0.04,,,,,,,,,,73.09
97.44925741528436,Concrete,0.083,1.4,Concrete,0.043,1.4,Fiberglass,0.061,0.04,,,,,,,60.34
82.8924475138799,Concrete,0.093,1.4,,,,,,,,,,,,,1247.84
298.44760531606175,Air,0.045,0.025,,,,,,,,,,,,,165.8
134.94858554446012,Ceramic Fiber,0.083,0.06,Ceramic Fiber,0.08,0.06,Mineral Wool,0.035,0.045,,,,,,,38.62
71.29271422033524,Concrete,0.099,1.4,Fiberglass,0.1,0.04,Mineral Wool,0.072,0.045,Fiberglass,0.091,0.04,Wood,0.069,0.12,10.15
170.72012152533006,Polyurethane Foam,0.055,0.03,Mineral Wool,0.066,0.045,Air,0.021,0.025,Wood,0.077,0.12,Glass,0.044,0.8,35.3
177.51512525793828,Fiberglass,0.018,0.04,Ceramic Fiber,0.065,0.06,Polyurethane Foam,0.036,0.03,,,,,,,64.94
236.36794021641944,Polyurethane Foam,0.042,0.03,,,,,,,,,,,,,168.83
208.48078510479812,Ceramic Fiber,0.084,0.06,Glass,0.096,0.8,Air,0.029,0.025,,,,,,,77.79
185.73686396810507,Ceramic Fiber,0.06,0.06,Ceramic Fiber,0.098,0.06,,,,,,,,,,70.53
253.2005739298909,Glass,0.021,0.8,,,,,,,,,,,,,9645.74
223.25229886550466,Polyurethane Foam,0.012,0.03,Glass,0.046,0.8,Fiberglass,0.021,0.04,Fiberglass,0.035,0.04,,,,120.19
228.18620678600183,Polyurethane Foam,0.026,0.03,Concrete,0.088,1.4,Polyurethane Foam,0.056,0.03,Polyurethane Foam,0.097,0.03,,,,37.84
117.96516765291832,Polyurethane Foam,0.062,0.03,Air,0.039,0.025,Ceramic Fiber,0.053,0.06,Ceramic Fiber,0.028,0.06,Wood,0.081,0.12,20.87
89.54865030705946,Glass,0.024,0.8,Wood,0.045,0.12,Concrete,0.023,1.4,Fiberglass,0.1,0.04,,,,30.65
232.7544504694182,Polyurethane Foam,0.098,0.03,Air,0.053,0.025,Fiberglass,0.023,0.04,Fiberglass,0.061,0.04,,,,31.09
218.05327380461273,Polyurethane Foam,0.094,0.03,Mineral Wool,0.033,0.045,Polyurethane Foam,0.075,0.03,,,,,,,34.25
227.34986053386186,Air,0.038,0.025,Fiberglass,0.066,0.04,Ceramic Fiber,0.052,0.06,,,,,,,56.32
130.88337094967864,Glass,0.05,0.8,Fiberglass,0.013,0.04,Wood,0.03,0.12,Ceramic Fiber,0.084,0.06,Polyurethane Foam,0.055,0.03,33.81
281.3292482803084,Wood,0.035,0.12,,,,,,,,,,,,,964.56
228.837851732201,Air,0.092,0.025,Glass,0.042,0.8,Fiberglass,0.03,0.04,,,,,,,51.05
134.54993351484808,Ceramic Fiber,0.023,0.06,,,,,,,,,,,,,351.0
289.62040578492673,Concrete,0.065,1.4,,,,,,,,,,,,,6237.98
232.22720088114977,Polyurethane Foam,0.05,0.03,,,,,,,,,,,,,139.34
60.103792660654506,Ceramic Fiber,0.07,0.06,Glass,0.087,0.8,Ceramic Fiber,0.086,0.06,Wood,0.029,0.12,,,,20.37
297.23031319444357,Glass,0.024,0.8,,,,,,,,,,,,,9907.68
265.76378451051585,Fiberglass,0.099,0.04,Concrete,0.097,1.4,Ceramic Fiber,0.095,0.06,Fiberglass,0.055,0.04,,,,48.3
58.78617404840959,Concrete,0.081,1.4,,,,,,,,,,,,,1016.06
149.80736159374186,Glass,0.076,0.8,Ceramic Fiber,0.092,0.06,Wood,0.084,0.12,Wood,0.01,0.12,Glass,0.077,0.8,59.73
173.6949921869312,Ceramic Fiber,0.073,0.06,Polyurethane Foam,0.028,0.03,Air,0.069,0.025,Concrete,0.094,1.4,Mineral Wool,0.076,0.045,26.06
154.51667400186165,Glass,0.06,0.8,Air,0.076,0.025,Polyurethane Foam,0.089,0.03,,,,,,,25.41
252.1187000954337,Mineral Wool,0.021,0.045,Fiberglass,0.083,0.04,Ceramic Fiber,0.069,0.06,Ceramic Fiber,0.079,0.06,,,,50.34
246.02573666275603,Polyurethane Foam,0.052,0.03,Air,0.047,0.025,Mineral Wool,0.01,0.045,Polyurethane Foam,0.059,0.03,,,,42.4
188.94464657921026,Fiberglass,0.015,0.04,Fiberglass,0.026,0.04,Fiberglass,0.075,0.04,,,,,,,65.15
65.40789201908127,Mineral Wool,0.093,0.045,Mineral Wool,0.076,0.045,Wood,0.061,0.12,,,,,,,15.34
203.40396141964766,Mineral Wool,0.075,0.045,Glass,0.072,0.8,Mineral Wool,0.078,0.045,Fiberglass,0.077,0.04,,,,37.56
63.81668994810989,Concrete,0.072,1.4,Ceramic Fiber,0.08,0.06,Concrete,0.09,1.4,Wood,0.099,0.12,,,,28.06
143.48468089805115,Ceramic Fiber,0.032,0.06,,,,,,,,,,,,,269.03
269.61651026584343,Mineral Wool,0.032,0.045,,,,,,,,,,,,,379.15
266.8668582872979,Fiberglass,0.065,0.04,Wood,0.061,0.12,Air,0.046,0.025,Wood,0.032,0.12,Polyurethane Foam,0.057,0.03,43.46
279.58283951626606,Air,0.067,0.025,,,,,,,,,,,,,104.32
85.05108720019948,Ceramic Fiber,0.044,0.06,Wood,0.081,0.12,Mineral Wool,0.056,0.045,Concrete,0.07,1.4,Air,0.056,0.025,17.21
114.28330059829743,Polyurethane Foam,0.04,0.03,Concrete,0.022,1.4,Mineral Wool,0.027,0.045,Ceramic Fiber,0.078,0.06,,,,35.17
108.70750574830063,Fiberglass,0.011,0.04,Wood,0.011,0.12,,,,,,,,,,296.48
243.38671210712118,Ceramic Fiber,0.078,0.06,Air,0.05,0.025,Wood,0.039,0.12,Glass,0.021,0.8,,,,66.66
191.39102822396,Glass,0.038,0.8,Concrete,0.049,1.4,,,,,,,,,,2319.89
97.04164655207241,Wood,0.079,0.12,Mineral Wool,0.014,0.045,Air,0.093,0.025,Wood,0.033,0.12,Glass,0.081,0.8,19.16
291.617874543365,Polyurethane Foam,0.098,0.03,Concrete,0.095,1.4,Ceramic Fiber,0.047,0.06,Ceramic Fiber,0.052,0.06,,,,58.5
200.92657458208942,Wood,0.098,0.12,Fiberglass,0.077,0.04,Glass,0.013,0.8,Glass,0.086,0.8,,,,70.12
121.88839062712852,Polyurethane Foam,0.048,0.03,Wood,0.052,0.12,Fiberglass,0.043,0.04,Ceramic Fiber,0.077,0.06,,,,27.75
197.74937929662136,Wood,0.068,0.12,Glass,0.059,0.8,,,,,,,,,,308.78
262.71330022031077,Mineral Wool,0.042,0.045,,,,,,,,,,,,,281.48
153.91126476662254,Concrete,0.032,1.4,Polyurethane Foam,0.094,0.03,Mineral Wool,0.074,0.045,Polyurethane Foam,0.096,0.03,,,,19.24
132.24639715011367,Concrete,0.098,1.4,Air,0.051,0.025,Glass,0.03,0.8,,,,,,,61.58
267.23806837356756,Air,0.049,0.025,Polyurethane Foam,0.012,0.03,Mineral Wool,0.095,0.045,Ceramic Fiber,0.091,0.06,,,,44.63
136.65056791410314,Ceramic Fiber,0.068,0.06,Mineral Wool,0.049,0.045,,,,,,,,,,61.49
234.92152923694397,Polyurethane Foam,0.079,0.03,,,,,,,,,,,,,89.21
114.62898033367567,Mineral Wool,0.015,0.045,Polyurethane Foam,0.07,0.03,,,,,,,,,,42.99
67.72898849548918,Air,0.036,0.025,Ceramic Fiber,0.015,0.06,Mineral Wool,0.041,0.045,Fiberglass,0.054,0.04,Glass,0.067,0.8,16.79
78.64483996044737,Wood,0.074,0.12,Glass,0.056,0.8,Polyurethane Foam,0.039,0.03,,,,,,,39.59
242.9692150110549,Ceramic Fiber,0.027,0.06,Wood,0.077,0.12,Wood,0.029,0.12,,,,,,,182.23
121.6775852550981,Air,0.016,0.025,Wood,0.081,0.12,Mineral Wool,0.05,0.045,Fiberglass,0.088,0.04,,,,26.3
81.12835845047415,Mineral Wool,0.046,0.045,Ceramic Fiber,0.049,0.06,Glass,0.062,0.8,Fiberglass,0.021,0.04,Polyurethane Foam,0.078,0.03,16.09
271.86817110790014,Fiberglass,0.091,0.04,Concrete,0.063,1.4,Ceramic Fiber,0.086,0.06,,,,,,,72.43
269.6752345915784,Polyurethane Foam,0.098,0.03,,,,,,,,,,,,,82.55
182.78796387987663,Glass,0.016,0.8,Glass,0.082,0.8,Concrete,0.034,1.4,Glass,0.047,0.8,,,,889.32
144.2305964532751,Concrete,0.063,1.4,Mineral Wool,0.043,0.045,,,,,,,,,,144.15
167.11709490192862,Polyurethane Foam,0.048,0.03,Wood,0.014,0.12,Air,0.097,0.025,,,,,,,29.86
138.50234916209615,Concrete,0.069,1.4,Mineral Wool,0.014,0.045,Fiberglass,0.051,0.04,Polyurethane Foam,0.096,0.03,Fiberglass,0.06,0.04,21.86
139.04361562133758,Mineral Wool,0.066,0.045,Wood,0.081,0.12,Mineral Wool,0.012,0.045,Polyurethane Foam,0.098,0.03,Polyurethane Foam,0.044,0.03,19.47
118.7194795409309,Concrete,0.053,1.4,Air,0.071,0.025,Polyurethane Foam,0.09,0.03,Air,0.057,0.025,,,,14.55
260.24547168003073,Concrete,0.046,1.4,Fiberglass,0.055,0.04,Wood,0.084,0.12,,,,,,,123.46
184.82425033334027,Air,0.017,0.025,Concrete,0.075,1.4,Glass,0.027,0.8,,,,,,,240.87
270.0158886331151,Mineral Wool,0.055,0.045,Fiberglass,0.093,0.04,Wood,0.031,0.12,,,,,,,70.95
275.7989794432432,Glass,0.091,0.8,Mineral Wool,0.091,0.045,Air,0.049,0.025,Fiberglass,0.086,0.04,,,,44.16
182.78580399996315,Mineral Wool,0.089,0.045,Concrete,0.039,1.4,Polyurethane Foam,0.091,0.03,Wood,0.093,0.12,Wood,0.086,0.12,27.99
68.62411907130567,Air,0.011,0.025,Polyurethane Foam,0.075,0.03,Fiberglass,0.055,0.04,Ceramic Fiber,0.05,0.06,Glass,0.088,0.8,13.05
125.31276000540937,Glass,0.077,0.8,Wood,0.022,0.12,Air,0.084,0.025,Glass,0.098,0.8,,,,33.31
214.28981627263298,Ceramic Fiber,0.046,0.06,Ceramic Fiber,0.029,0.06,Mineral Wool,0.054,0.045,Fiberglass,0.055,0.04,,,,56.02
142.04890193995405,Fiberglass,0.078,0.04,Glass,0.083,0.8,Ceramic Fiber,0.072,0.06,Wood,0.042,0.12,,,,39.42
267.0580799300232,Wood,0.098,0.12,Concrete,0.052,1.4,Concrete,0.089,1.4,Concrete,0.024,1.4,,,,285.77
130.1689886266464,Fiberglass,0.088,0.04,Concrete,0.011,1.4,Fiberglass,0.07,0.04,Concrete,0.052,1.4,,,,32.58
138.635528973844,Polyurethane Foam,0.02,0.03,,,,,,,,,,,,,207.95
95.26224062500046,Concrete,0.067,1.4,Air,0.052,0.025,Mineral Wool,0.016,0.045,Glass,0.096,0.8,,,,36.59
275.6250488632003,Mineral Wool,0.03,0.045,Wood,0.047,0.12,Concrete,0.063,1.4,Fiberglass,0.098,0.04,,,,77.57
81.91275832952928,Glass,0.051,0.8,Wood,0.077,0.12,Glass,0.024,0.8,Air,0.069,0.025,,,,23.43
75.90989357612037,Mineral Wool,0.07,0.045,,,,,,,,,,,,,48.8
84.97694234301312,Mineral Wool,0.072,0.045,Ceramic Fiber,0.044,0.06,,,,,,,,,,36.42
87.98054879651815,Fiberglass,0.056,0.04,Ceramic Fiber,0.042,0.06,,,,,,,,,,41.9
54.83884764683678,Concrete,0.054,1.4,,,,,,,,,,,,,1421.75
225.88202414600903,Concrete,0.067,1.4,Glass,0.076,0.8,Polyurethane Foam,0.098,0.03,Polyurethane Foam,0.072,0.03,Polyurethane Foam,0.04,0.03,31.62
109.44287977033807,Ceramic Fiber,0.088,0.06,Air,0.052,0.025,,,,,,,,,,30.86
234.9153715576029,Concrete,0.038,1.4,,,,,,,,,,,,,8654.78
82.28878545127839,Concrete,0.013,1.4,,,,,,,,,,,,,8861.87
162.42996844405405,Fiberglass,0.095,0.04,Concrete,0.058,1.4,Ceramic Fiber,0.099,0.06,Glass,0.096,0.8,,,,38.8
189.76282793631117,Concrete,0.018,1.4,,,,,,,,,,,,,14759.33
196.87516341494947,Ceramic Fiber,0.041,0.06,,,,,,,,,,,,,288.11
77.76143384862608,Mineral Wool,0.036,0.045,Fiberglass,0.052,0.04,Polyurethane Foam,0.025,0.03,,,,,,,26.51
196.63401289368755,Concrete,0.073,1.4,Ceramic Fiber,0.099,0.06,,,,,,,,,,115.52
289.8073265755526,Fiberglass,0.051,0.04,Wood,0.058,0.12,Wood,0.025,0.12,,,,,,,147.36
274.32242600776704,Air,0.032,0.025,,,,,,,,,,,,,214.31
65.52778276465472,Fiberglass,0.048,0.04,Polyurethane Foam,0.089,0.03,Wood,0.068,0.12,Concrete,0.048,1.4,Glass,0.092,0.8,13.42
155.1042131496869,Wood,0.088,0.12,Wood,0.021,0.12,Glass,0.079,0.8,Air,0.041,0.025,,,,58.59
127.36783309880305,Mineral Wool,0.073,0.045,Wood,0.03,0.12,Glass,0.088,0.8,,,,,,,64.26
188.3699538671086,Ceramic Fiber,0.068,0.06,Mineral Wool,0.077,0.045,Mineral Wool,0.085,0.045,Polyurethane Foam,0.064,0.03,Polyurethane Foam,0.051,0.03,21.99
178.4786255938564,Ceramic Fiber,0.099,0.06,Polyurethane Foam,0.023,0.03,Air,0.094,0.025,,,,,,,28.9
280.51798704843895,Wood,0.084,0.12,Air,0.097,0.025,,,,,,,,,,61.25
157.25914183824742,Polyurethane Foam,0.052,0.03,Fiberglass,0.031,0.04,Fiberglass,0.066,0.04,,,,,,,37.82
297.6930335358504,Fiberglass,0.049,0.04,Wood,0.091,0.12,Concrete,0.043,1.4,,,,,,,147.81
261.25139590239655,Ceramic Fiber,0.026,0.06,Polyurethane Foam,0.02,0.03,Air,0.04,0.025,,,,,,,96.76
55.802620287330804,Fiberglass,0.097,0.04,Glass,0.086,0.8,Air,0.016,0.025,,,,,,,17.59
275.29587437372214,Air,0.063,0.025,Glass,0.059,0.8,,,,,,,,,,106.14
73.9894237836733,Mineral Wool,0.038,0.045,Polyurethane Foam,0.041,0.03,Air,0.035,0.025,,,,,,,20.49
71.07592725820845,Mineral Wool,0.022,0.045,Polyurethane Foam,0.02,0.03,Ceramic Fiber,0.09,0.06,Glass,0.099,0.8,,,,25.57
68.94269550679361,Polyurethane Foam,0.086,0.03,Mineral Wool,0.042,0.045,Wood,0.068,0.12,,,,,,,15.79
102.29924906336242,Mineral Wool,0.057,0.045,Mineral Wool,0.074,0.045,Fiberglass,0.05,0.04,Glass,0.032,0.8,Air,0.048,0.025,16.71
262.3247370215902,Polyurethane Foam,0.093,0.03,Fiberglass,0.021,0.04,Air,0.072,0.025,Ceramic Fiber,0.038,0.06,Fiberglass,0.037,0.04,32.53
268.81343096373496,Ceramic Fiber,0.016,0.06,,,,,,,,,,,,,1008.05
285.52497966088094,Mineral Wool,0.055,0.045,Ceramic Fiber,0.01,0.06,,,,,,,,,,205.58
61.69155601791505,Ceramic Fiber,0.073,0.06,Mineral Wool,0.033,0.045,Concrete,0.013,1.4,Wood,0.083,0.12,Polyurethane Foam,0.054,0.03,13.86
215.08680909110726,Glass,0.015,0.8,Air,0.047,0.025,Ceramic Fiber,0.02,0.06,Polyurethane Foam,0.029,0.03,Glass,0.039,0.8,66.23
236.7001091588183,Mineral Wool,0.064,0.045,Glass,0.011,0.8,,,,,,,,,,164.84
117.78417542481199,Wood,0.099,0.12,,,,,,,,,,,,,142.77
197.45971377511972,Air,0.037,0.025,,,,,,,,,,,,,133.42
114.53365375320641,Glass,0.056,0.8,Mineral Wool,0.017,0.045,Air,0.011,0.025,,,,,,,129.01
146.52590468011985,Mineral Wool,0.053,0.045,,,,,,,,,,,,,124.41
108.66054054847689,Polyurethane Foam,0.037,0.03,Concrete,0.035,1.4,Wood,0.056,0.12,,,,,,,62.99
242.94277663085742,Concrete,0.023,1.4,Fiberglass,0.08,0.04,Ceramic Fiber,0.059,0.06,Concrete,0.094,1.4,,,,79.21
197.9689027680767,Mineral Wool,0.069,0.045,Wood,0.077,0.12,Polyurethane Foam,0.084,0.03,Concrete,0.058,1.4,,,,39.46
269.0364786111011,Wood,0.063,0.12,Ceramic Fiber,0.069,0.06,,,,,,,,,,160.62
244.2284950152811,Concrete,0.041,1.4,,,,,,,,,,,,,8339.51
125.04569689065607,Mineral Wool,0.026,0.045,Glass,0.044,0.8,Concrete,0.079,1.4,,,,,,,181.43
71.98912171122872,Concrete,0.013,1.4,Glass,0.074,0.8,Concrete,0.05,1.4,,,,,,,523.56
104.38658808432513,Polyurethane Foam,0.038,0.03,,,,,,,,,,,,,82.41
227.5921718442987,Concrete,0.061,1.4,Mineral Wool,0.067,0.045,Concrete,0.082,1.4,Wood,0.03,0.12,Glass,0.037,0.8,120.59
246.81727077553123,Wood,0.062,0.12,,,,,,,,,,,,,477.71
152.97463977303732,Glass,0.085,0.8,Mineral Wool,0.058,0.045,,,,,,,,,,109.65
89.56196351266149,Mineral Wool,0.088,0.045,Polyurethane Foam,0.073,0.03,Concrete,0.018,1.4,,,,,,,20.35
252.17322075259074,Fiberglass,0.033,0.04,Fiberglass,0.073,0.04,Glass,0.09,0.8,Fiberglass,0.086,0.04,Concrete,0.029,1.4,51.12
234.85677671014832,Polyurethane Foam,0.022,0.03,Wood,0.025,0.12,Mineral Wool,0.027,0.045,,,,,,,152.34
57.54232948718084,Ceramic Fiber,0.011,0.06,Wood,0.067,0.12,Air,0.036,0.025,,,,,,,26.38
288.9716659419548,Ceramic Fiber,0.031,0.06,Concrete,0.061,1.4,,,,,,,,,,515.8
114.14172579648015,Ceramic Fiber,0.092,0.06,Mineral Wool,0.08,0.045,Ceramic Fiber,0.067,0.06,Concrete,0.1,1.4,,,,25.37
124.30942565249107,Glass,0.061,0.8,Mineral Wool,0.037,0.045,Air,0.033,0.025,,,,,,,56.03
58.55328678567807,Ceramic Fiber,0.075,0.06,Wood,0.081,0.12,Wood,0.096,0.12,Wood,0.07,0.12,,,,17.7
275.18397255054975,Concrete,0.059,1.4,Polyurethane Foam,0.069,0.03,Polyurethane Foam,0.036,0.03,Mineral Wool,0.016,0.045,Fiberglass,0.04,0.04,56.19
266.01755895849436,Wood,0.085,0.12,Glass,0.017,0.8,Mineral Wool,0.065,0.045,Glass,0.1,0.8,,,,115.71
147.04396777574863,Ceramic Fiber,0.016,0.06,Air,0.09,0.025,Glass,0.026,0.8,Glass,0.075,0.8,,,,36.83
195.668818074805,Wood,0.019,0.12,,,,,,,,,,,,,1235.8
53.01507859649416,Polyurethane Foam,0.089,0.03,Glass,0.02,0.8,Fiberglass,0.096,0.04,,,,,,,9.83
148.51587820503386,Glass,0.05,0.8,Concrete,0.064,1.4,Wood,0.063,0.12,,,,,,,234.54
281.74212215359745,Ceramic Fiber,0.093,0.06,Wood,0.1,0.12,Air,0.07,0.025,,,,,,,54.36
50.52530408199808,Polyurethane Foam,0.038,0.03,Wood,0.023,0.12,,,,,,,,,,34.65
63.39516395195622,Fiberglass,0.076,0.04,Ceramic Fiber,0.087,0.06,Air,0.082,0.025,,,,,,,9.56
68.86716750065726,Mineral Wool,0.061,0.045,Polyurethane Foam,0.085,0.03,,,,,,,,,,16.44
67.30790818239863,Wood,0.019,0.12,,,,,,,,,,,,,425.1
171.67767978335002,Fiberglass,0.048,0.04,Fiberglass,0.046,0.04,Fiberglass,0.078,0.04,,,,,,,39.93
238.81091803747003,Ceramic Fiber,0.081,0.06,Wood,0.086,0.12,,,,,,,,,,115.55
178.48453557829544,Glass,0.018,0.8,Fiberglass,0.061,0.04,Fiberglass,0.091,0.04,Air,0.093,0.025,,,,23.66
282.92791475962235,Glass,0.072,0.8,Ceramic Fiber,0.012,0.06,,,,,,,,,,975.61
210.2725534556112,Wood,0.015,0.12,Wood,0.042,0.12,Fiberglass,0.058,0.04,Polyurethane Foam,0.077,0.03,Concrete,0.087,1.4,46.18
59.82445059370998,Ceramic Fiber,0.072,0.06,,,,,,,,,,,,,49.85
293.38842130393266,Fiberglass,0.043,0.04,,,,,,,,,,,,,272.92
215.75525853112256,Polyurethane Foam,0.03,0.03,Fiberglass,0.091,0.04,Wood,0.022,0.12,,,,,,,62.39
284.95844152155155,Mineral Wool,0.071,0.045,Wood,0.085,0.12,,,,,,,,,,124.65
84.36540467319604,Air,0.083,0.025,Glass,0.086,0.8,Concrete,0.061,1.4,Wood,0.055,0.12,Concrete,0.039,1.4,21.32
150.12693118980764,Fiberglass,0.045,0.04,,,,,,,,,,,,,133.45
108.37835325426197,Mineral Wool,0.022,0.045,Glass,0.085,0.8,Ceramic Fiber,0.031,0.06,,,,,,,97.48
117.74062072602608,Glass,0.069,0.8,Ceramic Fiber,0.028,0.06,Wood,0.034,0.12,Polyurethane Foam,0.056,0.03,Ceramic Fiber,0.028,0.06,37.15
286.385934506603,Air,0.092,0.025,Glass,0.067,0.8,Concrete,0.044,1.4,,,,,,,75.46
257.3765327678826,Wood,0.01,0.12,Polyurethane Foam,0.034,0.03,Concrete,0.09,1.4,,,,,,,200.93
248.2204186399511,Ceramic Fiber,0.075,0.06,Fiberglass,0.1,0.04,Fiberglass,0.053,0.04,Concrete,0.051,1.4,Mineral Wool,0.028,0.045,43.29
174.48570728956332,Glass,0.067,0.8,Wood,0.011,0.12,Glass,0.018,0.8,Polyurethane Foam,0.082,0.03,Glass,0.011,0.8,59.25
113.14073050734936,Ceramic Fiber,0.025,0.06,,,,,,,,,,,,,271.54
182.83828565463156,Concrete,0.046,1.4,,,,,,,,,,,,,5564.64
70.13244260464478,Concrete,0.076,1.4,Fiberglass,0.033,0.04,,,,,,,,,,79.76
91.90329778128304,Concrete,0.056,1.4,,,,,,,,,,,,,2297.58
231.94746930491993,Polyurethane Foam,0.087,0.03,Wood,0.048,0.12,Glass,0.027,0.8,Air,0.075,0.025,Wood,0.081,0.12,33.09
171.66832692587604,Polyurethane Foam,0.037,0.03,Wood,0.058,0.12,Fiberglass,0.043,0.04,,,,,,,61.49
52.123432773361685,Polyurethane Foam,0.03,0.03,,,,,,,,,,,,,52.12
65.22337406891083,Polyurethane Foam,0.072,0.03,Mineral Wool,0.028,0.045,Glass,0.097,0.8,Mineral Wool,0.033,0.045,,,,16.82
228.75608240897068,Polyurethane Foam,0.048,0.03,Fiberglass,0.087,0.04,Ceramic Fiber,0.079,0.06,Air,0.039,0.025,,,,34.39
147.29097028696788,Concrete,0.073,1.4,,,,,,,,,,,,,2824.76
133.9777325980965,Glass,0.074,0.8,Fiberglass,0.087,0.04,,,,,,,,,,59.09
221.00165890501148,Concrete,0.098,1.4,Mineral Wool,0.076,0.045,Fiberglass,0.074,0.04,,,,,,,61.24
209.38087041074238,Concrete,0.043,1.4,Concrete,0.017,1.4,Ceramic Fiber,0.059,0.06,,,,,,,204.04
221.67285345826994,Ceramic Fiber,0.099,0.06,,,,,,,,,,,,,134.35
251.7133942310507,Air,0.086,0.025,Concrete,0.07,1.4,Ceramic Fiber,0.076,0.06,Ceramic Fiber,0.073,0.06,Mineral Wool,0.058,0.045,34.66
211.04339306589347,Polyurethane Foam,0.046,0.03,,,,,,,,,,,,,137.64
208.120777325944,Concrete,0.016,1.4,Mineral Wool,0.016,0.045,Ceramic Fiber,0.025,0.06,Mineral Wool,0.049,0.045,,,,111.14
263.33925079510885,Ceramic Fiber,0.041,0.06,,,,,,,,,,,,,385.37
90.38960794323978,Wood,0.074,0.12,Fiberglass,0.029,0.04,,,,,,,,,,67.37
213.2890294330803,Wood,0.067,0.12,Polyurethane Foam,0.037,0.03,Polyurethane Foam,0.097,0.03,,,,,,,42.45
258.10109984103894,Wood,0.095,0.12,Polyurethane Foam,0.014,0.03,Mineral Wool,0.019,0.045,Polyurethane Foam,0.051,0.03,,,,76.35
237.1286725757582,Fiberglass,0.083,0.04,Wood,0.022,0.12,,,,,,,,,,105.0
120.05008953051569,Fiberglass,0.014,0.04,Glass,0.1,0.8,Mineral Wool,0.061,0.045,,,,,,,65.58
214.6768144080342,Polyurethane Foam,0.019,0.03,Concrete,0.067,1.4,Fiberglass,0.082,0.04,Mineral Wool,0.086,0.045,Air,0.098,0.025,25.07
162.31257700987754,Mineral Wool,0.087,0.045,,,,,,,,,,,,,83.95
52.91131243337458,Polyurethane Foam,0.032,0.03,Wood,0.083,0.12,,,,,,,,,,30.09
268.8268466352554,Ceramic Fiber,0.019,0.06,Polyurethane Foam,0.021,0.03,Fiberglass,0.076,0.04,Polyurethane Foam,0.099,0.03,Air,0.058,0.025,31.49
204.52992769909213,Wood,0.049,0.12,Fiberglass,0.019,0.04,,,,,,,,,,231.54
190.0171582269063,Air,0.078,0.025,Air,0.065,0.025,,,,,,,,,,33.22
86.86367729941936,Polyurethane Foam,0.039,0.03,Ceramic Fiber,0.073,0.06,Polyurethane Foam,0.071,0.03,Concrete,0.047,1.4,Mineral Wool,0.012,0.045,16.76
156.52137722344537,Glass,0.056,0.8,Ceramic Fiber,0.044,0.06,Mineral Wool,0.094,0.045,Glass,0.056,0.8,,,,52.84
248.66507208401782,Fiberglass,0.051,0.04,Concrete,0.04,1.4,Ceramic Fiber,0.016,0.06,Air,0.075,0.025,,,,54.41
227.09349721770056,Concrete,0.019,1.4,Polyurethane Foam,0.037,0.03,Concrete,0.014,1.4,,,,,,,180.68
167.75245159333406,Concrete,0.068,1.4,Polyurethane Foam,0.079,0.03,,,,,,,,,,62.55
77.19445842382956,Glass,0.04,0.8,Air,0.047,0.025,,,,,,,,,,40.0
290.9403503983614,Fiberglass,0.071,0.04,Mineral Wool,0.022,0.045,Ceramic Fiber,0.054,0.06,Mineral Wool,0.074,0.045,,,,60.51
125.54644766046431,Concrete,0.025,1.4,Concrete,0.047,1.4,Glass,0.042,0.8,Wood,0.014,0.12,Fiberglass,0.041,0.04,100.79
131.52534653347934,Concrete,0.025,1.4,Fiberglass,0.056,0.04,Ceramic Fiber,0.059,0.06,Wood,0.081,0.12,,,,42.76
155.031046968057,Polyurethane Foam,0.085,0.03,Wood,0.073,0.12,Wood,0.014,0.12,,,,,,,43.57
57.66851719637101,Polyurethane Foam,0.047,0.03,Ceramic Fiber,0.034,0.06,Fiberglass,0.015,0.04,Polyurethane Foam,0.067,0.03,Concrete,0.092,1.4,12.0
205.16291952166657,Air,0.064,0.025,Wood,0.092,0.12,Air,0.091,0.025,Ceramic Fiber,0.043,0.06,,,,26.7
56.3363820547889,Air,0.057,0.025,,,,,,,,,,,,,24.71
212.92301010018636,Concrete,0.068,1.4,Mineral Wool,0.014,0.045,,,,,,,,,,591.97
298.1389207103083,Fiberglass,0.094,0.04,Glass,0.037,0.8,Ceramic Fiber,0.046,0.06,Wood,0.093,0.12,Glass,0.064,0.8,74.2
195.17004827284924,Polyurethane Foam,0.063,0.03,Polyurethane Foam,0.055,0.03,Fiberglass,0.025,0.04,Glass,0.042,0.8,Ceramic Fiber,0.091,0.06,31.85
84.64949090602401,Mineral Wool,0.015,0.045,Polyurethane Foam,0.028,0.03,Polyurethane Foam,0.046,0.03,,,,,,,30.23
191.59310861886604,Concrete,0.089,1.4,Ceramic Fiber,0.076,0.06,Ceramic Fiber,0.018,0.06,Ceramic Fiber,0.088,0.06,Mineral Wool,0.02,0.045,54.1
59.45034132207301,Polyurethane Foam,0.08,0.03,Concrete,0.063,1.4,Fiberglass,0.041,0.04,Fiberglass,0.031,0.04,Mineral Wool,0.017,0.045,12.16
233.1142549116768,Concrete,0.02,1.4,Mineral Wool,0.076,0.045,Ceramic Fiber,0.047,0.06,Polyurethane Foam,0.069,0.03,,,,48.7
264.51835995741334,Polyurethane Foam,0.08,0.03,Air,0.08,0.025,Wood,0.08,0.12,,,,,,,40.49
191.8274421204692,Glass,0.016,0.8,Glass,0.022,0.8,Mineral Wool,0.028,0.045,Glass,0.095,0.8,Concrete,0.051,1.4,232.55
74.0396469518363,Ceramic Fiber,0.071,0.06,,,,,,,,,,,,,62.57
143.47981942517652,Air,0.023,0.025,Polyurethane Foam,0.065,0.03,Mineral Wool,0.068,0.045,Concrete,0.093,1.4,,,,30.76
77.64985070400081,Air,0.025,0.025,Fiberglass,0.033,0.04,Fiberglass,0.089,0.04,Glass,0.023,0.8,Wood,0.045,0.12,17.43
111.41511654939424,Concrete,0.093,1.4,,,,,,,,,,,,,1677.22
183.17553337944207,Air,0.093,0.025,Glass,0.068,0.8,Concrete,0.08,1.4,,,,,,,47.43
200.76498166405463,Polyurethane Foam,0.058,0.03,,,,,,,,,,,,,103.84
68.46362023431811,Wood,0.062,0.12,Air,0.03,0.025,Polyurethane Foam,0.05,0.03,,,,,,,20.24
142.35592847618082,Mineral Wool,0.017,0.045,,,,,,,,,,,,,376.82
191.62082416681554,Wood,0.072,0.12,Ceramic Fiber,0.056,0.06,,,,,,,,,,124.97
271.67307823077033,Glass,0.011,0.8,,,,,,,,,,,,,19758.04
268.8510069049528,Polyurethane Foam,0.09,0.03,,,,,,,,,,,,,89.62
152.53358284991089,Wood,0.013,0.12,Mineral Wool,0.015,0.045,Wood,0.053,0.12,,,,,,,172.68
207.03083513734694,Wood,0.07,0.12,Concrete,0.066,1.4,,,,,,,,,,328.37
85.07535180919064,Wood,0.078,0.12,Polyurethane Foam,0.038,0.03,,,,,,,,,,44.39
59.29623460688017,Polyurethane Foam,0.086,0.03,Ceramic Fiber,0.03,0.06,,,,,,,,,,17.61
133.00479227649572,Glass,0.058,0.8,Mineral Wool,0.052,0.045,Mineral Wool,0.055,0.045,,,,,,,54.28
205.98601705991473,Fiberglass,0.097,0.04,Concrete,0.06,1.4,Concrete,0.07,1.4,,,,,,,81.81
177.89529941932727,Air,0.013,0.025,Ceramic Fiber,0.063,0.06,Glass,0.079,0.8,Glass,0.078,0.8,,,,100.72
138.49202900287267,Fiberglass,0.04,0.04,Concrete,0.07,1.4,Polyurethane Foam,0.063,0.03,,,,,,,43.97
223.2895698411012,Air,0.014,0.025,Concrete,0.037,1.4,Ceramic Fiber,0.019,0.06,,,,,,,247.25
108.15569151062479,Concrete,0.09,1.4,Glass,0.061,0.8,Wood,0.031,0.12,,,,,,,271.16
147.60561813197,Air,0.099,0.025,Polyurethane Foam,0.071,0.03,Concrete,0.086,1.4,Ceramic Fiber,0.048,0.06,Fiberglass,0.013,0.04,19.65
165.98307216462655,Air,0.049,0.025,Fiberglass,0.04,0.04,Glass,0.027,0.8,Polyurethane Foam,0.063,0.03,Polyurethane Foam,0.056,0.03,23.85
149.14845550171424,Wood,0.083,0.12,Ceramic Fiber,0.067,0.06,Ceramic Fiber,0.091,0.06,,,,,,,44.86
177.81291530652572,Glass,0.05,0.8,Wood,0.06,0.12,,,,,,,,,,316.11
116.69708066200131,Wood,0.034,0.12,Concrete,0.092,1.4,Mineral Wool,0.079,0.045,,,,,,,55.45
84.148364324211,Glass,0.04,0.8,Air,0.061,0.025,Glass,0.077,0.8,Ceramic Fiber,0.098,0.06,,,,19.94
225.98969686443655,Concrete,0.077,1.4,,,,,,,,,,,,,4108.9
130.11856162068307,Mineral Wool,0.071,0.045,,,,,,,,,,,,,82.47
136.0336617936262,Concrete,0.043,1.4,Glass,0.095,0.8,Mineral Wool,0.1,0.045,Glass,0.032,0.8,,,,56.41
58.80918963912275,Air,0.07,0.025,Wood,0.015,0.12,,,,,,,,,,20.11
173.17147962968647,Air,0.071,0.025,Ceramic Fiber,0.057,0.06,Glass,0.063,0.8,Fiberglass,0.088,0.04,Concrete,0.071,1.4,28.3
125.03734768732234,Wood,0.073,0.12,Air,0.066,0.025,Wood,0.097,0.12,,,,,,,30.82
296.0205368564714,Glass,0.029,0.8,Wood,0.043,0.12,Glass,0.018,0.8,Ceramic Fiber,0.075,0.06,,,,177.57
200.93188766084768,Ceramic Fiber,0.026,0.06,Mineral Wool,0.041,0.045,Air,0.022,0.025,,,,,,,90.33
185.16215758651012,Wood,0.014,0.12,Air,0.024,0.025,Ceramic Fiber,0.05,0.06,,,,,,,96.94
248.1008587401646,Glass,0.066,0.8,Ceramic Fiber,0.026,0.06,,,,,,,,,,480.97
247.31495660911546,Fiberglass,0.022,0.04,Polyurethane Foam,0.096,0.03,Fiberglass,0.016,0.04,Ceramic Fiber,0.011,0.06,Mineral Wool,0.046,0.045,46.18
252.96996529522184,Polyurethane Foam,0.069,0.03,Air,0.1,0.025,Fiberglass,0.091,0.04,Mineral Wool,0.06,0.045,Air,0.04,0.025,21.98
175.5970394223918,Concrete,0.067,1.4,Mineral Wool,0.097,0.045,Wood,0.024,0.12,Air,0.016,0.025,Wood,0.045,0.12,51.37
135.90915201371254,Polyurethane Foam,0.033,0.03,Polyurethane Foam,0.061,0.03,Ceramic Fiber,0.077,0.06,Fiberglass,0.092,0.04,,,,20.23
145.52325891715407,Ceramic Fiber,0.012,0.06,Concrete,0.043,1.4,Glass,0.026,0.8,,,,,,,552.87
179.44124157743107,Mineral Wool,0.037,0.045,Wood,0.085,0.12,,,,,,,,,,117.24
139.48439644052633,Concrete,0.067,1.4,Mineral Wool,0.096,0.045,Glass,0.042,0.8,,,,,,,62.45
179.61433108972108,Wood,0.064,0.12,Concrete,0.029,1.4,Polyurethane Foam,0.08,0.03,,,,,,,55.77
287.2547042745549,Concrete,0.048,1.4,,,,,,,,,,,,,8378.26
80.50468142719359,Glass,0.097,0.8,Polyurethane Foam,0.061,0.03,Concrete,0.088,1.4,,,,,,,36.31
257.4394535323138,Ceramic Fiber,0.082,0.06,,,,,,,,,,,,,188.37
206.1058229724344,Concrete,0.073,1.4,Mineral Wool,0.041,0.045,Mineral Wool,0.052,0.045,,,,,,,97.27
121.11675824538355,Ceramic Fiber,0.058,0.06,Glass,0.09,0.8,Ceramic Fiber,0.08,0.06,Air,0.068,0.025,Polyurethane Foam,0.018,0.03,21.13
173.9862894203623,Mineral Wool,0.032,0.045,Fiberglass,0.041,0.04,Polyurethane Foam,0.087,0.03,Air,0.016,0.025,,,,32.98
269.9993530275579,Concrete,0.055,1.4,Fiberglass,0.057,0.04,Air,0.04,0.025,Fiberglass,0.018,0.04,,,,76.83
89.149797979281,Air,0.094,0.025,Air,0.011,0.025,,,,,,,,,,21.23
155.22867010014954,Glass,0.048,0.8,Glass,0.075,0.8,Ceramic Fiber,0.048,0.06,,,,,,,162.76
193.98365687110564,Ceramic Fiber,0.054,0.06,Ceramic Fiber,0.099,0.06,,,,,,,,,,76.07
50.02916702833294,Wood,0.046,0.12,,,,,,,,,,,,,130.51
112.17686526243483,Mineral Wool,0.046,0.045,Air,0.021,0.025,Wood,0.1,0.12,,,,,,,41.62
257.86067487976163,Mineral Wool,0.018,0.045,Mineral Wool,0.021,0.045,,,,,,,,,,297.53
56.32738736545524,Wood,0.034,0.12,Ceramic Fiber,0.051,0.06,Ceramic Fiber,0.091,0.06,Air,0.054,0.025,,,,11.71
113.35199997433489,Polyurethane Foam,0.078,0.03,,,,,,,,,,,,,43.6
124.2370103194456,Air,0.027,0.025,Concrete,0.097,1.4,,,,,,,,,,108.1
262.7364192855466,Ceramic Fiber,0.079,0.06,Concrete,0.069,1.4,,,,,,,,,,192.35
204.70709357931165,Wood,0.012,0.12,Polyurethane Foam,0.025,0.03,Fiberglass,0.029,0.04,Fiberglass,0.063,0.04,Polyurethane Foam,0.056,0.03,40.14
214.73094686353912,Fiberglass,0.057,0.04,Air,0.096,0.025,Wood,0.03,0.12,Ceramic Fiber,0.088,0.06,,,,30.76
109.15555500029075,Polyurethane Foam,0.032,0.03,,,,,,,,,,,,,102.33
61.26603898636552,Glass,0.037,0.8,Fiberglass,0.052,0.04,Air,0.048,0.025,Polyurethane Foam,0.041,0.03,,,,13.22
110.60999498989122,Polyurethane Foam,0.048,0.03,Fiberglass,0.014,0.04,Glass,0.034,0.8,Mineral Wool,0.026,0.045,Fiberglass,0.027,0.04,34.08
163.55097093414057,Mineral Wool,0.027,0.045,Glass,0.064,0.8,Mineral Wool,0.053,0.045,Polyurethane Foam,0.023,0.03,,,,62.32
294.766970468164,Mineral Wool,0.054,0.045,,,,,,,,,,,,,245.64
73.94040512267817,Air,0.054,0.025,Fiberglass,0.015,0.04,Ceramic Fiber,0.042,0.06,Mineral Wool,0.076,0.045,Concrete,0.012,1.4,14.99
220.2857969972042,Air,0.068,0.025,Concrete,0.09,1.4,Ceramic Fiber,0.096,0.06,Wood,0.073,0.12,Mineral Wool,0.051,0.045,35.96
197.04651822784766,Wood,0.028,0.12,Polyurethane Foam,0.048,0.03,Concrete,0.022,1.4,,,,,,,106.57
244.69209235991477,Fiberglass,0.089,0.04,,,,,,,,,,,,,109.97
244.7593924384516,Ceramic Fiber,0.041,0.06,,,,,,,,,,,,,358.18
130.5865331974412,Mineral Wool,0.041,0.045,Fiberglass,0.042,0.04,Polyurethane Foam,0.063,0.03,Fiberglass,0.041,0.04,,,,25.68
214.06366421419781,Wood,0.022,0.12,Concrete,0.048,1.4,Mineral Wool,0.03,0.045,,,,,,,242.08
179.84106537084355,Wood,0.028,0.12,,,,,,,,,,,,,770.75
182.5073337933197,Ceramic Fiber,0.038,0.06,Air,0.089,0.025,Mineral Wool,0.095,0.045,Concrete,0.039,1.4,,,,28.82
263.08151784398206,Air,0.049,0.025,Air,0.061,0.025,Mineral Wool,0.043,0.045,,,,,,,49.12
85.85148800976364,Polyurethane Foam,0.051,0.03,Ceramic Fiber,0.021,0.06,Ceramic Fiber,0.013,0.06,,,,,,,37.88
238.10467031772583,Air,0.058,0.025,Air,0.055,0.025,Ceramic Fiber,0.053,0.06,,,,,,,44.07
134.23630715844115,Glass,0.017,0.8,Glass,0.078,0.8,Concrete,0.029,1.4,Fiberglass,0.061,0.04,Fiberglass,0.064,0.04,41.12
124.4482392535448,Glass,0.04,0.8,Ceramic Fiber,0.094,0.06,Polyurethane Foam,0.028,0.03,Wood,0.089,0.12,,,,37.81
137.6729503282922,Mineral Wool,0.076,0.045,Concrete,0.061,1.4,Ceramic Fiber,0.059,0.06,Glass,0.089,0.8,,,,48.7
60.122143629608225,Mineral Wool,0.044,0.045,Ceramic Fiber,0.078,0.06,Fiberglass,0.095,0.04,Glass,0.061,0.8,,,,12.71
191.752833114269,Concrete,0.029,1.4,,,,,,,,,,,,,9257.03
152.51829943599523,Concrete,0.082,1.4,Fiberglass,0.073,0.04,Mineral Wool,0.084,0.045,,,,,,,40.67
251.35727122214485,Glass,0.043,0.8,Glass,0.045,0.8,Mineral Wool,0.051,0.045,Mineral Wool,0.054,0.045,Concrete,0.08,1.4,100.52
295.19459746936195,Air,0.09,0.025,,,,,,,,,,,,,82.0
212.8399050453143,Fiberglass,0.063,0.04,Ceramic Fiber,0.092,0.06,,,,,,,,,,68.47
296.3152630417632,Air,0.028,0.025,Polyurethane Foam,0.096,0.03,Polyurethane Foam,0.037,0.03,Air,0.086,0.025,Air,0.015,0.025,30.89
136.29117182510524,Concrete,0.062,1.4,Fiberglass,0.026,0.04,Wood,0.037,0.12,Air,0.067,0.025,Ceramic Fiber,0.016,0.06,34.51
216.14132725159428,Polyurethane Foam,0.018,0.03,Fiberglass,0.053,0.04,Polyurethane Foam,0.032,0.03,,,,,,,72.25
114.54696229019902,Polyurethane Foam,0.039,0.03,Air,0.025,0.025,,,,,,,,,,49.8
289.63894893267275,Fiberglass,0.074,0.04,Ceramic Fiber,0.094,0.06,,,,,,,,,,84.77
199.51114858023067,Wood,0.086,0.12,Concrete,0.038,1.4,Concrete,0.092,1.4,Air,0.033,0.025,,,,93.69
155.07756312826655,Air,0.066,0.025,Air,0.076,0.025,,,,,,,,,,27.3
192.43993538348522,Ceramic Fiber,0.041,0.06,Polyurethane Foam,0.098,0.03,Fiberglass,0.076,0.04,Fiberglass,0.088,0.04,,,,23.91
288.03649333029307,Air,0.081,0.025,,,,,,,,,,,,,88.9
293.7902288513862,Mineral Wool,0.083,0.045,Ceramic Fiber,0.062,0.06,Concrete,0.056,1.4,,,,,,,100.69
263.55601684030023,Wood,0.029,0.12,Concrete,0.048,1.4,Glass,0.052,0.8,Mineral Wool,0.067,0.045,Air,0.044,0.025,73.42
259.6977079817518,Air,0.033,0.025,Air,0.017,0.025,Glass,0.031,0.8,Fiberglass,0.095,0.04,,,,58.84
151.83532157108533,Polyurethane Foam,0.026,0.03,Concrete,0.034,1.4,Mineral Wool,0.087,0.045,Fiberglass,0.087,0.04,Glass,0.043,0.8,30.05
245.7023664241054,Air,0.08,0.025,Wood,0.048,0.12,Mineral Wool,0.025,0.045,Concrete,0.075,1.4,Air,0.033,0.025,44.44
243.51542471826437,Glass,0.024,0.8,Fiberglass,0.016,0.04,Mineral Wool,0.037,0.045,Glass,0.041,0.8,,,,186.82
146.87470736085328,Glass,0.071,0.8,Glass,0.093,0.8,Ceramic Fiber,0.078,0.06,Polyurethane Foam,0.085,0.03,Mineral Wool,0.057,0.045,26.2
177.74339632672803,Polyurethane Foam,0.097,0.03,,,,,,,,,,,,,54.97
267.1313187669128,Ceramic Fiber,0.047,0.06,Concrete,0.01,1.4,,,,,,,,,,337.94
87.38909923175679,Ceramic Fiber,0.093,0.06,Polyurethane Foam,0.017,0.03,Air,0.09,0.025,Wood,0.032,0.12,Air,0.014,0.025,13.36
83.84017869425487,Fiberglass,0.03,0.04,Mineral Wool,0.027,0.045,Concrete,0.035,1.4,Mineral Wool,0.077,0.045,Mineral Wool,0.024,0.045,23.16
193.99194853202675,Concrete,0.025,1.4,Mineral Wool,0.015,0.045,Mineral Wool,0.09,0.045,Fiberglass,0.039,0.04,,,,58.32
192.99851654821938,Polyurethane Foam,0.04,0.03,,,,,,,,,,,,,144.75
220.34694283316554,Mineral Wool,0.046,0.045,Ceramic Fiber,0.013,0.06,Polyurethane Foam,0.038,0.03,,,,,,,87.94
108.58256756267386,Mineral Wool,0.048,0.045,Mineral Wool,0.074,0.045,Fiberglass,0.064,0.04,,,,,,,25.19
130.93437157482828,Fiberglass,0.065,0.04,Ceramic Fiber,0.059,0.06,Concrete,0.074,1.4,Air,0.026,0.025,,,,35.38
208.73114851032219,Fiberglass,0.026,0.04,,,,,,,,,,,,,321.12
229.52043452079988,Air,0.019,0.025,,,,,,,,,,,,,302.0
277.5426310364452,Wood,0.013,0.12,Concrete,0.047,1.4,Fiberglass,0.076,0.04,Air,0.034,0.025,Fiberglass,0.096,0.04,47.84
248.63066368439607,Glass,0.054,0.8,Mineral Wool,0.024,0.045,,,,,,,,,,413.81
228.84152415685446,Polyurethane Foam,0.064,0.03,Fiberglass,0.095,0.04,Ceramic Fiber,0.075,0.06,Air,0.094,0.025,Mineral Wool,0.014,0.045,23.28
210.0461467971119,Fiberglass,0.012,0.04,Fiberglass,0.066,0.04,,,,,,,,,,107.72
296.0214599946712,Glass,0.057,0.8,Ceramic Fiber,0.087,0.06,Ceramic Fiber,0.071,0.06,,,,,,,109.45
80.15977742979723,Fiberglass,0.062,0.04,Glass,0.096,0.8,Ceramic Fiber,0.035,0.06,Mineral Wool,0.076,0.045,Concrete,0.085,1.4,20.03
224.8372147967851,Glass,0.099,0.8,Polyurethane Foam,0.028,0.03,Concrete,0.038,1.4,,,,,,,207.37
163.73796310195416,Polyurethane Foam,0.087,0.03,Mineral Wool,0.073,0.045,Air,0.064,0.025,Glass,0.01,0.8,,,,23.08
242.17994189605025,Polyurethane Foam,0.031,0.03,Concrete,0.037,1.4,Fiberglass,0.068,0.04,Glass,0.05,0.8,Fiberglass,0.046,0.04,60.97
141.36847949880894,Mineral Wool,0.081,0.045,Concrete,0.093,1.4,Ceramic Fiber,0.098,0.06,Fiberglass,0.015,0.04,,,,36.48
114.74955733450655,Glass,0.095,0.8,Air,0.072,0.025,Ceramic Fiber,0.099,0.06,Glass,0.054,0.8,,,,24.33
94.91878554488821,Glass,0.011,0.8,Concrete,0.032,1.4,Wood,0.06,0.12,Glass,0.027,0.8,Wood,0.011,0.12,143.38
109.76619257266738,Wood,0.036,0.12,Concrete,0.061,1.4,Fiberglass,0.062,0.04,Polyurethane Foam,0.051,0.03,,,,30.55
184.69056261299727,Ceramic Fiber,0.031,0.06,,,,,,,,,,,,,357.47
182.98038221671422,Mineral Wool,0.034,0.045,Wood,0.087,0.12,Polyurethane Foam,0.095,0.03,,,,,,,39.37
208.00443413884358,Glass,0.01,0.8,Air,0.077,0.025,,,,,,,,,,67.26
103.16900813234344,Mineral Wool,0.054,0.045,Fiberglass,0.07,0.04,Mineral Wool,0.016,0.045,Polyurethane Foam,0.051,0.03,Air,0.012,0.025,18.81
153.60373136697018,Wood,0.084,0.12,Glass,0.025,0.8,,,,,,,,,,210.06
124.40298306433584,Ceramic Fiber,0.062,0.06,,,,,,,,,,,,,120.39
87.00903483114507,Air,0.021,0.025,Polyurethane Foam,0.083,0.03,Fiberglass,0.059,0.04,Polyurethane Foam,0.078,0.03,,,,11.33
285.86871522021875,Ceramic Fiber,0.092,0.06,Mineral Wool,0.095,0.045,Ceramic Fiber,0.01,0.06,,,,,,,75.01
182.56322126895031,Concrete,0.054,1.4,,,,,,,,,,,,,4733.12
230.02627637940995,Mineral Wool,0.065,0.045,Glass,0.081,0.8,Glass,0.015,0.8,Glass,0.085,0.8,,,,137.68
144.83872281216088,Polyurethane Foam,0.08,0.03,Polyurethane Foam,0.061,0.03,Glass,0.084,0.8,,,,,,,30.14
106.5876871795725,Mineral Wool,0.046,0.045,Fiberglass,0.073,0.04,Air,0.095,0.025,Mineral Wool,0.057,0.045,,,,13.47
51.15558702038554,Mineral Wool,0.094,0.045,Mineral Wool,0.027,0.045,Concrete,0.093,1.4,,,,,,,18.57
165.11018516393793,Mineral Wool,0.01,0.045,,,,,,,,,,,,,743.0
55.325049830716075,Glass,0.088,0.8,Ceramic Fiber,0.081,0.06,Polyurethane Foam,0.087,0.03,Wood,0.031,0.12,Polyurethane Foam,0.048,0.03,8.9
126.1072166648103,Wood,0.053,0.12,Polyurethane Foam,0.094,0.03,,,,,,,,,,35.27
176.46715978363517,Glass,0.063,0.8,,,,,,,,,,,,,2240.85
273.52523961234704,Concrete,0.076,1.4,,,,,,,,,,,,,5038.62
287.5237208911864,Polyurethane Foam,0.048,0.03,Concrete,0.084,1.4,Mineral Wool,0.053,0.045,,,,,,,101.32
70.87976879531823,Glass,0.093,0.8,,,,,,,,,,,,,609.72
161.63605417954892,Mineral Wool,0.072,0.045,Concrete,0.036,1.4,,,,,,,,,,99.42
236.91567099953403,Polyurethane Foam,0.044,0.03,Mineral Wool,0.05,0.045,Polyurethane Foam,0.014,0.03,Mineral Wool,0.047,0.045,,,,57.94
183.33393841407815,Concrete,0.025,1.4,Polyurethane Foam,0.09,0.03,Fiberglass,0.099,0.04,,,,,,,33.38
283.4221061383769,Glass,0.095,0.8,Ceramic Fiber,0.071,0.06,,,,,,,,,,217.67
64.98741631100204,Ceramic Fiber,0.062,0.06,Air,0.092,0.025,Polyurethane Foam,0.012,0.03,,,,,,,12.71
54.94892567503319,Mineral Wool,0.091,0.045,Fiberglass,0.042,0.04,,,,,,,,,,17.89
65.75710215619958,Ceramic Fiber,0.097,0.06,,,,,,,,,,,,,40.67
213.34423293409486,Air,0.021,0.025,Mineral Wool,0.076,0.045,Fiberglass,0.065,0.04,Mineral Wool,0.044,0.045,,,,41.57
51.33692819843234,Ceramic Fiber,0.045,0.06,Glass,0.083,0.8,,,,,,,,,,60.13
257.9318325806955,Ceramic Fiber,0.059,0.06,,,,,,,,,,,,,262.3
295.36207194557073,Air,0.041,0.025,,,,,,,,,,,,,180.1
138.13576100684986,Fiberglass,0.023,0.04,Mineral Wool,0.049,0.045,Concrete,0.029,1.4,,,,,,,82.0
272.5696623104617,Wood,0.051,0.12,,,,,,,,,,,,,641.34
130.0169326218151,Glass,0.088,0.8,Concrete,0.055,1.4,Ceramic Fiber,0.059,0.06,Glass,0.075,0.8,,,,106.02
119.27456027581158,Polyurethane Foam,0.077,0.03,Glass,0.029,0.8,Air,0.014,0.025,,,,,,,37.71
269.5541603076183,Glass,0.045,0.8,,,,,,,,,,,,,4792.07
215.95548180198892,Ceramic Fiber,0.013,0.06,,,,,,,,,,,,,996.72
128.12839865648186,Ceramic Fiber,0.069,0.06,Glass,0.068,0.8,,,,,,,,,,103.75
260.3984528237819,Glass,0.03,0.8,Fiberglass,0.05,0.04,,,,,,,,,,202.25
102.33364718665526,Concrete,0.063,1.4,,,,,,,,,,,,,2274.08
292.8672723041855,Polyurethane Foam,0.06,0.03,Concrete,0.058,1.4,Glass,0.079,0.8,,,,,,,136.84
70.54127162610017,Polyurethane Foam,0.026,0.03,Polyurethane Foam,0.066,0.03,Wood,0.081,0.12,Fiberglass,0.069,0.04,Mineral Wool,0.011,0.045,12.35
168.58705007538157,Polyurethane Foam,0.033,0.03,Glass,0.033,0.8,Air,0.088,0.025,,,,,,,36.17
63.785462362009085,Wood,0.046,0.12,Wood,0.06,0.12,,,,,,,,,,72.21
107.22358960893487,Ceramic Fiber,0.025,0.06,Mineral Wool,0.048,0.045,Fiberglass,0.034,0.04,,,,,,,45.95
202.8385525151316,Glass,0.083,0.8,Wood,0.092,0.12,,,,,,,,,,233.04
261.63939985374367,Wood,0.062,0.12,Ceramic Fiber,0.07,0.06,,,,,,,,,,155.43
220.99986158381827,Air,0.05,0.025,Polyurethane Foam,0.032,0.03,,,,,,,,,,72.07
218.3246804422622,Wood,0.063,0.12,Air,0.099,0.025,Mineral Wool,0.089,0.045,Fiberglass,0.013,0.04,,,,32.16
146.5052478863473,Fiberglass,0.073,0.04,Concrete,0.064,1.4,Air,0.094,0.025,Polyurethane Foam,0.071,0.03,Glass,0.031,0.8,18.23
223.9008603551774,Ceramic Fiber,0.032,0.06,Air,0.072,0.025,Wood,0.091,0.12,Air,0.051,0.025,,,,36.05
114.89102631683421,Wood,0.016,0.12,Glass,0.1,0.8,Polyurethane Foam,0.039,0.03,Polyurethane Foam,0.052,0.03,Wood,0.053,0.12,30.77
189.1659552783201,Ceramic Fiber,0.042,0.06,Wood,0.011,0.12,,,,,,,,,,238.95
259.5038679237339,Polyurethane Foam,0.015,0.03,,,,,,,,,,,,,519.01
285.27708834654436,Fiberglass,0.075,0.04,Polyurethane Foam,0.035,0.03,Wood,0.029,0.12,Glass,0.032,0.8,,,,85.84
251.79936384611807,Glass,0.034,0.8,Wood,0.04,0.12,Air,0.034,0.025,Concrete,0.098,1.4,Concrete,0.033,1.4,137.64
171.1057184875187,Polyurethane Foam,0.068,0.03,Polyurethane Foam,0.016,0.03,Wood,0.047,0.12,Wood,0.066,0.12,Mineral Wool,0.043,0.045,36.43
236.56176718264342,Glass,0.082,0.8,,,,,,,,,,,,,2307.92
218.11764418855734,Ceramic Fiber,0.093,0.06,,,,,,,,,,,,,140.72
118.53372671358204,Fiberglass,0.077,0.04,,,,,,,,,,,,,61.58
107.08816978349243,Mineral Wool,0.021,0.045,,,,,,,,,,,,,229.47
292.56770867046725,Air,0.066,0.025,Air,0.088,0.025,Polyurethane Foam,0.043,0.03,Wood,0.011,0.12,Concrete,0.024,1.4,37.99
90.17168022158596,Wood,0.089,0.12,Wood,0.096,0.12,Glass,0.067,0.8,Wood,0.094,0.12,Polyurethane Foam,0.061,0.03,20.3
213.1214474729266,Fiberglass,0.055,0.04,Fiberglass,0.04,0.04,Wood,0.076,0.12,Mineral Wool,0.089,0.045,,,,42.74
177.36178682974816,Fiberglass,0.098,0.04,,,,,,,,,,,,,72.39
288.1824821588599,Concrete,0.04,1.4,Ceramic Fiber,0.081,0.06,,,,,,,,,,209.04
79.17687571447405,Concrete,0.052,1.4,Ceramic Fiber,0.04,0.06,Concrete,0.061,1.4,Fiberglass,0.019,0.04,Mineral Wool,0.07,0.045,28.5
106.17140464138657,Concrete,0.084,1.4,Ceramic Fiber,0.061,0.06,Mineral Wool,0.047,0.045,,,,,,,50.05
72.28663367400668,Fiberglass,0.078,0.04,,,,,,,,,,,,,37.07
251.7110196632377,Glass,0.014,0.8,Air,0.071,0.025,Wood,0.098,0.12,Ceramic Fiber,0.055,0.06,,,,54.83
144.35944800813132,Mineral Wool,0.096,0.045,Air,0.069,0.025,Ceramic Fiber,0.047,0.06,Ceramic Fiber,0.07,0.06,,,,21.09
297.7811149266256,Air,0.043,0.025,,,,,,,,,,,,,173.13
67.71817198478168,Air,0.051,0.025,Fiberglass,0.042,0.04,Concrete,0.073,1.4,Wood,0.06,0.12,Air,0.05,0.025,12.0
231.3549066457185,Concrete,0.03,1.4,Mineral Wool,0.081,0.045,Concrete,0.082,1.4,Air,0.035,0.025,,,,70.54
227.6617580706827,Wood,0.053,0.12,Fiberglass,0.016,0.04,Glass,0.099,0.8,Concrete,0.064,1.4,Fiberglass,0.036,0.04,119.12
144.22417140124858,Wood,0.056,0.12,,,,,,,,,,,,,309.05
152.46139598549698,Air,0.074,0.025,,,,,,,,,,,,,51.51
187.75393217234395,Fiberglass,0.096,0.04,,,,,,,,,,,,,78.23
218.71223479710522,Mineral Wool,0.011,0.045,Air,0.064,0.025,Concrete,0.018,1.4,,,,,,,77.63
201.62193344779473,Mineral Wool,0.07,0.045,Ceramic Fiber,0.096,0.06,Concrete,0.053,1.4,,,,,,,63.14
235.47108026040482,Polyurethane Foam,0.094,0.03,Mineral Wool,0.049,0.045,Air,0.081,0.025,,,,,,,31.56
229.07868590621382,Polyurethane Foam,0.018,0.03,Polyurethane Foam,0.01,0.03,,,,,,,,,,245.44
80.50603952867192,Ceramic Fiber,0.064,0.06,Concrete,0.016,1.4,Air,0.085,0.025,Fiberglass,0.02,0.04,,,,16.17
170.11656450410973,Ceramic Fiber,0.072,0.06,,,,,,,,,,,,,141.76
166.1957421967333,Air,0.076,0.025,Ceramic Fiber,0.053,0.06,,,,,,,,,,42.36
258.59787178567717,Polyurethane Foam,0.013,0.03,,,,,,,,,,,,,596.76
284.83500365231083,Wood,0.053,0.12,Concrete,0.094,1.4,Concrete,0.038,1.4,Air,0.064,0.025,Concrete,0.081,1.4,90.31
246.59730584008466,Air,0.059,0.025,,,,,,,,,,,,,104.49
126.9432464715184,Concrete,0.073,1.4,Ceramic Fiber,0.049,0.06,Wood,0.036,0.12,Polyurethane Foam,0.041,0.03,Polyurethane Foam,0.015,0.03,41.82
124.370657372649,Mineral Wool,0.085,0.045,Wood,0.081,0.12,Ceramic Fiber,0.039,0.06,Ceramic Fiber,0.091,0.06,,,,26.29
278.02029702604557,Polyurethane Foam,0.017,0.03,,,,,,,,,,,,,490.62
151.41609074989253,Air,0.04,0.025,,,,,,,,,,,,,94.64
133.8318238827152,Wood,0.081,0.12,Fiberglass,0.023,0.04,Wood,0.088,0.12,,,,,,,67.48
134.1883052596145,Fiberglass,0.071,0.04,Fiberglass,0.019,0.04,Air,0.09,0.025,Polyurethane Foam,0.085,0.03,Glass,0.04,0.8,15.37
141.28333988295975,Air,0.054,0.025,Air,0.059,0.025,,,,,,,,,,31.26
223.71421910581634,Ceramic Fiber,0.049,0.06,Fiberglass,0.037,0.04,Air,0.074,0.025,,,,,,,47.58
284.52505956246046,Fiberglass,0.044,0.04,Glass,0.081,0.8,Wood,0.028,0.12,,,,,,,198.33
220.10578465316738,Glass,0.019,0.8,Concrete,0.092,1.4,Polyurethane Foam,0.02,0.03,Ceramic Fiber,0.09,0.06,,,,97.56
289.7155298982303,Ceramic Fiber,0.056,0.06,,,,,,,,,,,,,310.41
228.9572580391126,Fiberglass,0.041,0.04,Wood,0.073,0.12,,,,,,,,,,140.18
281.89699383726474,Glass,0.04,0.8,,,,,,,,,,,,,5637.94
70.78949406147524,Ceramic Fiber,0.018,0.06,Air,0.077,0.025,Air,0.084,0.025,Air,0.067,0.025,Concrete,0.045,1.4,7.49
256.34148990415076,Fiberglass,0.07,0.04,Air,0.073,0.025,Fiberglass,0.045,0.04,Polyurethane Foam,0.036,0.03,,,,36.65
235.3220022575293,Wood,0.066,0.12,Air,0.056,0.025,,,,,,,,,,84.34
228.04429117804156,Concrete,0.025,1.4,Polyurethane Foam,0.059,0.03,Glass,0.085,0.8,Polyurethane Foam,0.012,0.03,,,,91.56
272.9062687086206,Mineral Wool,0.093,0.045,,,,,,,,,,,,,132.05
253.29621743530984,Polyurethane Foam,0.094,0.03,Ceramic Fiber,0.037,0.06,Glass,0.018,0.8,Air,0.065,0.025,Concrete,0.095,1.4,39.33
51.52590075468123,Polyurethane Foam,0.092,0.03,Wood,0.016,0.12,Mineral Wool,0.027,0.045,Concrete,0.055,1.4,Glass,0.095,0.8,13.02
160.12195585575978,Mineral Wool,0.024,0.045,Wood,0.061,0.12,Fiberglass,0.013,0.04,Polyurethane Foam,0.096,0.03,,,,35.06
129.7706427261672,Glass,0.05,0.8,,,,,,,,,,,,,2076.33
68.53938044736637,Glass,0.065,0.8,Concrete,0.048,1.4,Concrete,0.085,1.4,Mineral Wool,0.035,0.045,Air,0.044,0.025,25.25
183.3737080518493,Air,0.024,0.025,Glass,0.081,0.8,,,,,,,,,,172.79
55.65080912488436,Glass,0.028,0.8,Ceramic Fiber,0.07,0.06,Air,0.04,0.025,Ceramic Fiber,0.075,0.06,,,,13.74
289.77854151726274,Concrete,0.019,1.4,Mineral Wool,0.093,0.045,Wood,0.051,0.12,,,,,,,115.67
147.88410549270435,Polyurethane Foam,0.014,0.03,Ceramic Fiber,0.082,0.06,,,,,,,,,,80.66
54.886940555930224,Polyurethane Foam,0.022,0.03,Wood,0.092,0.12,Mineral Wool,0.068,0.045,Glass,0.015,0.8,Glass,0.059,0.8,17.68
160.75719680288896,Ceramic Fiber,0.068,0.06,,,,,,,,,,,,,141.84
241.06157880876592,Mineral Wool,0.059,0.045,Ceramic Fiber,0.081,0.06,Polyurethane Foam,0.037,0.03,Mineral Wool,0.034,0.045,,,,51.84
129.77671038009245,Polyurethane Foam,0.094,0.03,Mineral Wool,0.057,0.045,Mineral Wool,0.09,0.045,Glass,0.075,0.8,,,,19.98
220.92885840871716,Ceramic Fiber,0.08,0.06,Fiberglass,0.077,0.04,Mineral Wool,0.067,0.045,Wood,0.055,0.12,Wood,0.059,0.12,38.78
266.6464697274165,Glass,0.068,0.8,Wood,0.074,0.12,Fiberglass,0.026,0.04,Wood,0.082,0.12,,,,131.03
277.4358854126916,Glass,0.046,0.8,Mineral Wool,0.037,0.045,,,,,,,,,,315.37
295.881193545378,Polyurethane Foam,0.038,0.03,Glass,0.059,0.8,Polyurethane Foam,0.055,0.03,,,,,,,93.23
274.4706139169696,Ceramic Fiber,0.073,0.06,Ceramic Fiber,0.055,0.06,,,,,,,,,,128.66
295.7685928319055,Glass,0.053,0.8,,,,,,,,,,,,,4464.43
118.32995883912652,Mineral Wool,0.02,0.045,Mineral Wool,0.033,0.045,Fiberglass,0.099,0.04,Ceramic Fiber,0.041,0.06,Polyurethane Foam,0.056,0.03,19.08
239.1963432732479,Wood,0.012,0.12,Fiberglass,0.086,0.04,Mineral Wool,0.016,0.045,Wood,0.083,0.12,,,,72.54
145.96348912974094,Polyurethane Foam,0.093,0.03,Fiberglass,0.031,0.04,Concrete,0.096,1.4,Wood,0.051,0.12,,,,33.41
193.8770294945174,Glass,0.068,0.8,,,,,,,,,,,,,2280.91
70.99701513360871,Wood,0.01,0.12,Polyurethane Foam,0.01,0.03,Ceramic Fiber,0.024,0.06,,,,,,,86.94
230.33705069165606,Concrete,0.013,1.4,Mineral Wool,0.08,0.045,Fiberglass,0.042,0.04,Wood,0.081,0.12,,,,65.58
287.5906000169508,Glass,0.086,0.8,Air,0.096,0.025,,,,,,,,,,72.85
71.57230849067778,Mineral Wool,0.026,0.045,Wood,0.057,0.12,Wood,0.094,0.12,Wood,0.098,0.12,,,,26.98
269.30009591440626,Air,0.033,0.025,Concrete,0.086,1.4,Wood,0.012,0.12,Air,0.085,0.025,Polyurethane Foam,0.084,0.03,35.06
143.3425886414443,Fiberglass,0.044,0.04,Mineral Wool,0.096,0.045,Mineral Wool,0.1,0.045,Air,0.034,0.025,,,,21.03
59.271732706500615,Air,0.031,0.025,Polyurethane Foam,0.035,0.03,Ceramic Fiber,0.032,0.06,,,,,,,20.16
159.087359472051,Fiberglass,0.055,0.04,Mineral Wool,0.052,0.045,Concrete,0.073,1.4,Concrete,0.018,1.4,,,,61.29
296.9303955163755,Wood,0.014,0.12,Wood,0.064,0.12,Ceramic Fiber,0.086,0.06,Ceramic Fiber,0.087,0.06,,,,84.04
153.36948113543556,Ceramic Fiber,0.068,0.06,Ceramic Fiber,0.063,0.06,,,,,,,,,,70.25
293.03674325252996,Wood,0.095,0.12,Polyurethane Foam,0.099,0.03,Glass,0.019,0.8,Ceramic Fiber,0.076,0.06,Wood,0.061,0.12,49.75
135.87005655477952,Fiberglass,0.033,0.04,,,,,,,,,,,,,164.69
248.59195316376196,Polyurethane Foam,0.09,0.03,,,,,,,,,,,,,82.86
196.34953556997814,Ceramic Fiber,0.049,0.06,Mineral Wool,0.024,0.045,Air,0.068,0.025,Mineral Wool,0.033,0.045,,,,40.88
68.9399910393009,Mineral Wool,0.015,0.045,Fiberglass,0.069,0.04,Concrete,0.027,1.4,,,,,,,33.18
128.78174376416865,Ceramic Fiber,0.056,0.06,Mineral Wool,0.025,0.045,Ceramic Fiber,0.085,0.06,Fiberglass,0.093,0.04,Ceramic Fiber,0.078,0.06,19.72
241.694844096516,Mineral Wool,0.051,0.045,,,,,,,,,,,,,213.26
66.58051939525585,Glass,0.094,0.8,,,,,,,,,,,,,566.64
88.16605253468174,Mineral Wool,0.044,0.045,Mineral Wool,0.033,0.045,,,,,,,,,,51.53
98.85037121532632,Wood,0.071,0.12,Concrete,0.081,1.4,,,,,,,,,,152.19
297.68600709882014,Air,0.095,0.025,Fiberglass,0.023,0.04,,,,,,,,,,68.04
294.28571657322266,Wood,0.071,0.12,Wood,0.08,0.12,Ceramic Fiber,0.032,0.06,,,,,,,164.25
137.11674335019592,Ceramic Fiber,0.029,0.06,Ceramic Fiber,0.035,0.06,Mineral Wool,0.044,0.045,Wood,0.067,0.12,Fiberglass,0.09,0.04,28.26
298.00568463260277,Wood,0.085,0.12,,,,,,,,,,,,,420.71
240.37987293846564,Concrete,0.057,1.4,Concrete,0.074,1.4,Mineral Wool,0.026,0.045,,,,,,,358.05
206.88773035978556,Air,0.056,0.025,,,,,,,,,,,,,92.36
72.07759098210266,Wood,0.073,0.12,Ceramic Fiber,0.095,0.06,Mineral Wool,0.041,0.045,Fiberglass,0.055,0.04,,,,16.1
157.7008028034462,Wood,0.085,0.12,Wood,0.041,0.12,Wood,0.07,0.12,Ceramic Fiber,0.034,0.06,Concrete,0.093,1.4,69.58
179.40836336106287,Polyurethane Foam,0.025,0.03,Glass,0.076,0.8,,,,,,,,,,193.26
102.6871811453724,Wood,0.022,0.12,,,,,,,,,,,,,560.11
172.80324295001458,Air,0.015,0.025,Air,0.09,0.025,Glass,0.082,0.8,,,,,,,40.16
138.95891854795346,Polyurethane Foam,0.066,0.03,Glass,0.079,0.8,Mineral Wool,0.09,0.045,,,,,,,32.33
250.18433491114186,Mineral Wool,0.057,0.045,,,,,,,,,,,,,197.51
85.09908108041246,Mineral Wool,0.071,0.045,Mineral Wool,0.025,0.045,,,,,,,,,,39.89
136.1208179333875,Wood,0.09,0.12,Wood,0.025,0.12,Air,0.036,0.025,,,,,,,56.76
62.237852279978036,Wood,0.046,0.12,Wood,0.057,0.12,Air,0.036,0.025,Wood,0.09,0.12,Glass,0.061,0.8,19.92
79.32609188541532,Fiberglass,0.024,0.04,Mineral Wool,0.026,0.045,Mineral Wool,0.013,0.045,Mineral Wool,0.025,0.045,Air,0.053,0.025,19.15
121.80996770518908,Fiberglass,0.055,0.04,Wood,0.078,0.12,Concrete,0.084,1.4,Concrete,0.038,1.4,,,,57.67
113.30238294893516,Polyurethane Foam,0.1,0.03,Mineral Wool,0.021,0.045,Polyurethane Foam,0.04,0.03,Fiberglass,0.022,0.04,Wood,0.093,0.12,17.54
259.4949512847287,Wood,0.038,0.12,Mineral Wool,0.031,0.045,Wood,0.031,0.12,Ceramic Fiber,0.051,0.06,,,,122.76
60.03782089031927,Glass,0.044,0.8,Polyurethane Foam,0.093,0.03,Glass,0.067,0.8,Fiberglass,0.021,0.04,,,,15.95
53.90282578033438,Ceramic Fiber,0.047,0.06,Glass,0.048,0.8,Mineral Wool,0.05,0.045,,,,,,,27.58
115.23113304535872,Air,0.032,0.025,Polyurethane Foam,0.036,0.03,Air,0.089,0.025,Mineral Wool,0.045,0.045,Ceramic Fiber,0.015,0.06,15.81
196.84068936722053,Polyurethane Foam,0.012,0.03,Concrete,0.039,1.4,Ceramic Fiber,0.096,0.06,,,,,,,97.07
128.3294925619407,Concrete,0.039,1.4,Wood,0.018,0.12,Concrete,0.078,1.4,Concrete,0.08,1.4,,,,441.43
288.2355117359157,Polyurethane Foam,0.016,0.03,,,,,,,,,,,,,540.44
207.64302423051646,Fiberglass,0.012,0.04,Fiberglass,0.097,0.04,Wood,0.041,0.12,Polyurethane Foam,0.096,0.03,,,,33.13
86.39020940232581,Mineral Wool,0.092,0.045,Concrete,0.083,1.4,Polyurethane Foam,0.048,0.03,Concrete,0.049,1.4,,,,23.11
286.810080173688,Fiberglass,0.025,0.04,,,,,,,,,,,,,458.9
236.96033814658273,Air,0.085,0.025,,,,,,,,,,,,,69.69
189.8894112531603,Polyurethane Foam,0.059,0.03,Ceramic Fiber,0.066,0.06,Concrete,0.038,1.4,,,,,,,61.38
271.4866432823313,Fiberglass,0.019,0.04,Concrete,0.018,1.4,Fiberglass,0.094,0.04,Mineral Wool,0.026,0.045,,,,79.48
248.63069851927847,Ceramic Fiber,0.06,0.06,,,,,,,,,,,,,248.63
248.32602244232788,Polyurethane Foam,0.091,0.03,Glass,0.075,0.8,,,,,,,,,,79.41
98.58653007832243,Fiberglass,0.04,0.04,Fiberglass,0.028,0.04,Polyurethane Foam,0.011,0.03,,,,,,,47.7
147.32572313779093,Mineral Wool,0.048,0.045,Polyurethane Foam,0.084,0.03,Air,0.036,0.025,Ceramic Fiber,0.032,0.06,,,,25.23
78.80528049229453,Glass,0.045,0.8,,,,,,,,,,,,,1400.98
294.58138956949506,Fiberglass,0.081,0.04,Glass,0.092,0.8,,,,,,,,,,137.65
202.87229630121024,Concrete,0.055,1.4,Air,0.07,0.025,Air,0.053,0.025,,,,,,,40.91
72.62470704282768,Glass,0.023,0.8,Wood,0.086,0.12,Concrete,0.027,1.4,Concrete,0.082,1.4,,,,88.21
159.4678583697061,Polyurethane Foam,0.034,0.03,,,,,,,,,,,,,140.71
143.4085850332467,Fiberglass,0.069,0.04,,,,,,,,,,,,,83.14
150.27229525243496,Polyurethane Foam,0.053,0.03,,,,,,,,,,,,,85.06
89.57555853729889,Fiberglass,0.055,0.04,,,,,,,,,,,,,65.15
121.88011848488001,Wood,0.013,0.12,Concrete,0.054,1.4,,,,,,,,,,829.65
142.99272713829384,Glass,0.018,0.8,Ceramic Fiber,0.055,0.06,Wood,0.031,0.12,,,,,,,119.41
118.48888237883146,Polyurethane Foam,0.021,0.03,Glass,0.053,0.8,,,,,,,,,,154.63
284.87508308301744,Concrete,0.02,1.4,Concrete,0.03,1.4,Polyurethane Foam,0.06,0.03,,,,,,,139.94
286.6248907209083,Mineral Wool,0.091,0.045,Wood,0.032,0.12,Glass,0.094,0.8,,,,,,,119.11
60.12140124458383,Ceramic Fiber,0.083,0.06,Air,0.037,0.025,Air,0.026,0.025,Glass,0.071,0.8,,,,15.06
136.69693809372268,Ceramic Fiber,0.084,0.06,,,,,,,,,,,,,97.64
117.2909629241069,Fiberglass,0.093,0.04,,,,,,,,,,,,,50.45
63.07739980415515,Air,0.045,0.025,,,,,,,,,,,,,35.04
235.810109491452,Air,0.018,0.025,Ceramic Fiber,0.075,0.06,Ceramic Fiber,0.071,0.06,,,,,,,74.78
289.78408949805095,Glass,0.075,0.8,,,,,,,,,,,,,3091.03
289.25502108641746,Mineral Wool,0.094,0.045,Concrete,0.046,1.4,Concrete,0.069,1.4,Ceramic Fiber,0.071,0.06,,,,86.23
205.6900479145696,Air,0.097,0.025,Air,0.056,0.025,Ceramic Fiber,0.052,0.06,Glass,0.082,0.8,Polyurethane Foam,0.088,0.03,20.52
97.04522114231152,Ceramic Fiber,0.024,0.06,Mineral Wool,0.091,0.045,Wood,0.071,0.12,,,,,,,32.2
219.36982872113393,Ceramic Fiber,0.047,0.06,Fiberglass,0.06,0.04,Mineral Wool,0.076,0.045,,,,,,,55.23
55.11836106948674,Concrete,0.062,1.4,Polyurethane Foam,0.093,0.03,,,,,,,,,,17.53
253.43032515515094,Polyurethane Foam,0.03,0.03,Glass,0.055,0.8,Mineral Wool,0.043,0.045,Air,0.046,0.025,,,,65.58
